58.953,51.953,42.953,26.953,7.9525,2.9525,21.953,13.953,9.9525,25.953,31.953,18.953,16.953,31.953,53.953,47.953,33.953,31.953,26.953,14.953,10.953,13.953,-11.047,-19.047,-15.047,-26.047,-47.047,-26.047,-31.047,-23.047,-24.047,-46.047,-46.047,-35.047,-18.047,-29.047,-25.047,-20.047,-31.047,-35.047,-43.047,-48.047,-37.047,-20.047,-20.047,-10.047,-3.0475,-16.047,-23.047,-15.047,-20.047,-29.047,-49.047,-45.047,-34.047,-34.047,-39.047,-69.047,-72.047,-66.047,-49.047,-38.047,-25.047,-16.047,-28.047,-30.047,-16.047,-4.0475,0.9525,-8.0475,-4.0475,5.9525,0.9525,-16.047,-33.047,-20.047,-0.0475,-0.0475,-0.0475,1.9525,-16.047,-19.047,-20.047,-36.047,-32.047,-20.047,-27.047,-36.047,-22.047,-10.047,-17.047,-4.0475,7.9525,-0.0475,-11.047,-7.0475,4.9525,12.953,14.953,21.953,16.953,2.9525,-8.0475,4.9525,9.9525,13.953,5.9525,5.9525,12.953,14.953,10.953,-1.0475,-13.047,-18.047,-31.047,-25.047,-21.047,-23.047,-40.047,-54.047,-47.047,-32.047,-25.047,-11.047,1.9525,-1.0475,4.9525,-1.0475,-4.0475,5.9525,-2.0475,10.953,24.953,34.953,24.953,15.953,14.953,10.953,12.953,12.953,-1.0475,-17.047,-12.047,-15.047,-18.047,-11.047,1.9525,-4.0475,-13.047,-10.047,-14.047,-6.0475,-9.0475,-13.047,-13.047,-5.0475,-8.0475,-3.0475,-6.0475,-7.0475,1.9525,9.9525,15.953,18.953,19.953,30.953,42.953,47.953,51.953,51.953,57.953,69.953,75.953,80.953,88.953,91.953,83.953,84.953,81.953,73.953,71.953,63.953,63.953,62.953,66.953,52.953,35.953,27.953,32.953,46.953,30.953,21.953,43.953,69.953,44.953,55.953,68.953,63.953,59.953,69.953,66.953,61.953,69.953,68.953,63.953,73.953,87.953,77.953,42.953,49.953,58.953,63.953,65.953,39.953,39.953,46.953,38.953,5.9525,-1.0475,5.9525,4.9525,-16.047,-42.047,-62.047,-49.047,-83.047,-107.05,-102.05,-106.05,-116.05,-101.05,-122.05,-129.05,-109.05,-114.05,-93.047,-99.047,-116.05,-149.05,-161.05,-128.05,-120.05,-131.05,-143.05,-137.05,-113.05,-94.047,-115.05,-66.047,-67.047,-61.047,-49.047,-51.047,-34.047,-33.047,-21.047,3.9525,11.953,-9.0475,-5.0475,19.953,39.953,17.953,39.953,34.953,-7.0475,12.953,-37.047,-33.047,-34.047,-40.047,-36.047,-44.047,-37.047,-30.047,-39.047,-29.047,-31.047,-31.047,-21.047,-9.0475,-31.047,-35.047,-48.047,-57.047,-66.047,-52.047,-38.047,-37.047,-29.047,-35.047,-21.047,-5.0475,15.953,-0.0475,-10.047,-11.047,-13.047,-23.047,-40.047,-45.047,-20.047,-14.047,-31.047,-16.047,-4.0475,-17.047,-23.047,-18.047,-4.0475,-3.0475,-3.0475,-10.047,-6.0475,-5.0475,-7.0475,-1.0475,-5.0475,-27.047,-42.047,-43.047,-48.047,-60.047,-56.047,-69.047,-80.047,-65.047,-69.047,-75.047,-70.047,-56.047,-37.047,-20.047,-23.047,-29.047,-17.047,-13.047,-2.0475,17.953,19.953,24.953,36.953,54.953,57.953,73.953,78.953,79.953,92.953,98.953,99.953,107.95,108.95,94.953,92.953,79.953,88.953,82.953,98.953,114.95,115.95,117.95,120.95,106.95,88.953,86.953,82.953,70.953,79.953,99.953,84.953,62.953,47.953,22.953,7.9525,1.9525,12.953,16.953,15.953,10.953,4.9525,-13.047,-23.047,-26.047,-21.047,-14.047,-0.0475,24.953,33.953,24.953,30.953,29.953,33.953,41.953,37.953,38.953,51.953,64.953,70.953,64.953,65.953
21.69,20.69,22.69,18.69,10.69,-2.31,-3.31,3.69,14.69,5.69,-7.31,-17.31,-5.31,-11.31,-8.31,-11.31,-12.31,-9.31,-18.31,-30.31,-18.31,-5.31,1.69,-8.31,-3.31,-2.31,-1.31,-7.31,-7.31,7.69,-0.31,0.69,7.69,12.69,16.69,7.69,12.69,0.69,-1.31,15.69,14.69,-21.31,-42.31,-24.31,-7.31,-7.31,-23.31,-27.31,-23.31,-19.31,-29.31,-41.31,-48.31,-39.31,-34.31,-27.31,0.69,13.69,20.69,30.69,33.69,36.69,48.69,66.69,70.69,45.69,32.69,19.69,10.69,15.69,9.69,-8.31,-20.31,-15.31,-9.31,-16.31,-19.31,-9.31,-11.31,-22.31,-23.31,-4.31,-7.31,-11.31,0.69,9.69,10.69,6.69,4.69,0.69,-7.31,-5.31,-7.31,-17.31,-23.31,-13.31,-15.31,-19.31,-26.31,-37.31,-40.31,-40.31,-28.31,-16.31,-8.31,-3.31,6.69,0.69,-26.31,-39.31,-7.31,17.69,30.69,31.69,23.69,21.69,25.69,12.69,-2.31,13.69,29.69,14.69,2.69,8.69,22.69,19.69,-3.31,-2.31,-6.31,-8.31,-7.31,-11.31,-8.31,4.69,21.69,32.69,35.69,32.69,19.69,26.69,34.69,42.69,49.69,47.69,45.69,46.69,47.69,50.69,47.69,46.69,35.69,23.69,12.69,12.69,20.69,20.69,11.69,-4.31,-8.31,-16.31,-27.31,-23.31,-9.31,-9.31,-11.31,-11.31,-3.31,5.69,27.69,34.69,41.69,49.69,44.69,31.69,33.69,29.69,27.69,30.69,36.69,41.69,40.69,43.69,35.69,27.69,38.69,51.69,51.69,46.69,56.69,74.69,74.69,53.69,26.69,29.69,33.69,33.69,38.69,45.69,31.69,7.69,10.69,21.69,29.69,33.69,37.69,35.69,24.69,21.69,2.69,-6.31,-9.31,-8.31,10.69,-10.31,-28.31,-23.31,-33.31,-66.31,-55.31,-41.31,-76.31,-96.31,-79.31,-75.31,-75.31,-105.31,-99.31,-99.31,-116.31,-119.31,-105.31,-97.31,-78.31,-85.31,-103.31,-86.31,-72.31,-88.31,-97.31,-87.31,-67.31,-69.31,-109.31,-110.31,-104.31,-96.31,-96.31,-126.31,-99.31,-96.31,-77.31,-70.31,-73.31,-59.31,-47.31,-55.31,-39.31,-13.31,-26.31,-8.31,-3.31,3.69,-14.31,15.69,23.69,11.69,37.69,5.69,2.69,-0.31,0.69,16.69,20.69,37.69,51.69,40.69,38.69,55.69,54.69,79.69,98.69,100.69,89.69,86.69,91.69,101.69,95.69,111.69,111.69,92.69,80.69,76.69,67.69,71.69,83.69,83.69,83.69,90.69,100.69,98.69,89.69,99.69,116.69,107.69,94.69,77.69,73.69,64.69,61.69,53.69,46.69,34.69,30.69,26.69,25.69,41.69,35.69,16.69,10.69,-7.31,-34.31,-49.31,-42.31,-43.31,-41.31,-41.31,-39.31,-54.31,-48.31,-46.31,-34.31,-37.31,-43.31,-49.31,-42.31,-37.31,-38.31,-33.31,-29.31,-41.31,-32.31,-6.31,7.69,18.69,21.69,21.69,22.69,25.69,20.69,21.69,27.69,26.69,23.69,12.69,8.69,22.69,30.69,29.69,40.69,43.69,33.69,27.69,22.69,10.69,2.69,6.69,8.69,1.69,-4.31,-10.31,-6.31,-23.31,-43.31,-56.31,-53.31,-44.31,-48.31,-50.31,-36.31,-35.31,-50.31,-69.31,-77.31,-78.31,-76.31,-55.31,-48.31,-40.31,-40.31,-40.31,-50.31,-65.31,-58.31,-39.31,-36.31,-34.31,-36.31,-46.31,-48.31,-33.31
43.415,32.415,1.415,-5.585,-9.585,-22.585,0.415,10.415,3.415,-27.585,-36.585,-23.585,-11.585,-20.585,-6.585,4.415,3.415,-18.585,-1.585,27.415,34.415,45.415,52.415,50.415,33.415,38.415,44.415,40.415,47.415,27.415,1.415,14.415,18.415,26.415,43.415,46.415,60.415,55.415,48.415,34.415,14.415,8.415,8.415,36.415,36.415,27.415,13.415,1.415,-6.585,3.415,13.415,20.415,3.415,-12.585,-5.585,16.415,36.415,34.415,42.415,38.415,35.415,34.415,24.415,52.415,46.415,23.415,26.415,34.415,35.415,21.415,10.415,-4.585,-24.585,-26.585,-16.585,-13.585,-16.585,-22.585,-37.585,-36.585,-25.585,-15.585,-14.585,-13.585,-14.585,-14.585,2.415,2.415,5.415,-1.585,-5.585,-20.585,-11.585,2.415,4.415,-1.585,13.415,12.415,-0.585,-22.585,-33.585,-34.585,-24.585,-9.585,-4.585,-11.585,-18.585,-21.585,-31.585,-30.585,-22.585,-37.585,-29.585,-27.585,-23.585,-12.585,-8.585,-15.585,-16.585,3.415,4.415,-2.585,11.415,28.415,21.415,18.415,-5.585,-21.585,-25.585,-25.585,-40.585,-49.585,-37.585,-28.585,-33.585,-26.585,-18.585,-18.585,-21.585,-19.585,-14.585,17.415,29.415,34.415,32.415,23.415,20.415,33.415,36.415,35.415,40.415,45.415,45.415,27.415,30.415,35.415,25.415,18.415,20.415,17.415,23.415,13.415,5.415,2.415,-1.585,-4.585,9.415,18.415,21.415,48.415,78.415,102.41,105.41,88.415,79.415,70.415,57.415,31.415,38.415,51.415,54.415,51.415,33.415,16.415,9.415,15.415,22.415,41.415,50.415,41.415,23.415,25.415,2.415,8.415,42.415,27.415,32.415,74.415,67.415,26.415,25.415,23.415,20.415,3.415,7.415,26.415,35.415,43.415,29.415,24.415,42.415,47.415,79.415,64.415,39.415,31.415,12.415,4.415,45.415,51.415,18.415,-2.585,10.415,9.415,-7.585,-11.585,30.415,24.415,-10.585,1.415,3.415,-17.585,-2.585,20.415,3.415,10.415,17.415,20.415,31.415,4.415,-3.585,3.415,14.415,31.415,0.415,-11.585,-4.585,-18.585,3.415,2.415,10.415,0.415,-36.585,-16.585,9.415,-28.585,-44.585,-6.585,-14.585,11.415,-7.585,9.415,-2.585,20.415,10.415,5.415,11.415,-2.585,13.415,14.415,25.415,18.415,19.415,12.415,21.415,5.415,8.415,8.415,21.415,41.415,54.415,54.415,25.415,7.415,-5.585,-5.585,-33.585,-7.585,-7.585,-26.585,-30.585,-34.585,-41.585,-36.585,-38.585,-40.585,-25.585,-16.585,-14.585,-18.585,-11.585,-11.585,-23.585,-26.585,-30.585,-35.585,-40.585,-48.585,-36.585,-24.585,-18.585,-21.585,-13.585,-18.585,-38.585,-31.585,-22.585,-19.585,-21.585,-34.585,-53.585,-55.585,-52.585,-61.585,-57.585,-47.585,-58.585,-64.585,-41.585,-13.585,-24.585,-50.585,-52.585,-50.585,-54.585,-35.585,-32.585,-43.585,-50.585,-32.585,-20.585,-25.585,-55.585,-53.585,-36.585,-20.585,-16.585,-1.585,11.415,18.415,16.415,8.415,5.415,-15.585,-24.585,-17.585,-4.585,-12.585,-22.585,-14.585,-13.585,-14.585,-19.585,-18.585,-14.585,-7.585,-7.585,-19.585,-17.585,-25.585,-35.585,-53.585,-66.585,-72.585,-66.585,-60.585,-65.585,-64.585,-57.585,-48.585,-43.585,-24.585,-6.585,4.415,5.415,3.415,-22.585,-44.585,-48.585,-54.585,-62.585,-69.585,-64.585,-45.585,-33.585,-31.585,-38.585,-27.585,-16.585,-20.585
40.222,32.222,30.223,36.222,39.222,31.223,39.222,50.222,39.222,16.223,20.223,28.223,34.222,49.222,59.222,47.222,25.223,6.2225,18.223,23.223,13.223,16.223,49.222,38.222,11.223,22.223,45.222,8.2225,2.2225,17.223,-10.778,-5.7775,11.223,27.223,-14.778,-41.778,-29.778,-13.778,-15.778,-17.778,0.2225,3.2225,-1.7775,-6.7775,-10.778,-7.7775,0.2225,-0.7775,5.2225,-13.778,-17.778,1.2225,13.223,20.223,22.223,3.2225,2.2225,-11.778,-39.778,-24.778,-17.778,-40.778,-54.778,-64.778,-52.778,-18.778,1.2225,9.2225,-4.7775,0.2225,16.223,29.223,39.222,36.222,14.223,22.223,29.223,10.223,10.223,17.223,26.223,12.223,-1.7775,11.223,4.2225,-15.778,-0.7775,4.2225,-9.7775,-21.778,-41.778,-76.778,-71.778,-35.778,-13.778,-19.778,-14.778,-0.7775,2.2225,-6.7775,-36.778,-24.778,-18.778,-14.778,-18.778,-3.7775,19.223,13.223,8.2225,17.223,18.223,5.2225,-14.778,-32.778,-33.778,-26.778,-29.778,-16.778,-14.778,-16.778,-14.778,6.2225,27.223,8.2225,-6.7775,-11.778,-35.778,-15.778,-3.7775,6.2225,12.223,1.2225,13.223,19.223,20.223,4.2225,-4.7775,2.2225,8.2225,10.223,10.223,24.223,27.223,23.223,33.222,26.223,6.2225,-0.7775,7.2225,6.2225,19.223,28.223,43.222,54.222,51.222,45.222,41.222,16.223,10.223,4.2225,-4.7775,-14.778,-13.778,-33.778,-23.778,-24.778,-18.778,-41.778,-51.778,-2.7775,28.223,28.223,40.222,48.222,25.223,37.222,27.223,24.223,35.222,43.222,20.223,-10.778,-44.778,-41.778,-19.778,-22.778,-34.778,-25.778,-16.778,-21.778,-15.778,9.2225,-22.778,-25.778,31.223,10.223,-9.7775,34.222,23.223,2.2225,21.223,2.2225,1.2225,11.223,17.223,42.222,65.222,110.22,88.222,47.222,79.222,101.22,118.22,101.22,86.222,64.222,8.2225,-10.778,50.222,72.222,80.222,95.222,107.22,111.22,99.222,74.222,104.22,68.222,-9.7775,33.222,22.223,0.2225,-5.7775,-7.7775,-28.778,14.223,36.222,19.223,23.223,6.2225,0.2225,-9.7775,6.2225,29.223,-30.778,-31.778,-15.778,-53.778,-39.778,-53.778,-41.778,-35.778,-54.778,-20.778,38.222,-14.778,-59.778,-18.778,-10.778,22.223,-24.778,-16.778,-48.778,-20.778,-9.7775,7.2225,10.223,-9.7775,-3.7775,-3.7775,-2.7775,-11.778,2.2225,20.223,44.222,16.223,6.2225,-1.7775,9.2225,12.223,10.223,31.223,15.223,-28.778,-45.778,-18.778,2.2225,53.222,31.223,7.2225,22.223,44.222,17.223,-11.778,6.2225,6.2225,0.2225,1.2225,7.2225,15.223,38.222,29.223,-6.7775,-7.7775,15.223,16.223,6.2225,-16.778,-4.7775,5.2225,19.223,30.223,16.223,1.2225,-11.778,-13.778,-25.778,-17.778,2.2225,7.2225,10.223,10.223,-3.7775,-7.7775,-12.778,-14.778,-13.778,-13.778,-22.778,-20.778,6.2225,6.2225,5.2225,22.223,36.222,32.222,10.223,-3.7775,-9.7775,-12.778,-43.778,-65.778,-79.778,-76.778,-83.778,-68.778,-66.778,-62.778,-26.778,-8.7775,-8.7775,7.2225,22.223,14.223,24.223,37.222,28.223,-4.7775,-34.778,-22.778,-16.778,-24.778,-19.778,-28.778,-27.778,-11.778,-18.778,-33.778,-32.778,-36.778,-41.778,-33.778,-25.778,-29.778,-48.778,-79.778,-91.778,-100.78,-88.778,-80.778,-55.778,-34.778,-32.778,-27.778,-13.778,2.2225,-25.778,-56.778,-42.778,-46.778,-53.778,-69.778,-80.778,-73.778,-57.778,-66.778,-69.778,-69.778,-63.778,-53.778
-56.19,-66.19,-66.19,-81.19,-106.19,-112.19,-110.19,-122.19,-145.19,-136.19,-148.19,-164.19,-166.19,-171.19,-155.19,-143.19,-155.19,-167.19,-168.19,-148.19,-135.19,-127.19,-116.19,-97.19,-82.19,-85.19,-85.19,-87.19,-79.19,-20.19,-22.19,-50.19,-46.19,-19.19,12.81,6.81,19.81,24.81,12.81,30.81,41.81,36.81,21.81,45.81,41.81,33.81,29.81,44.81,41.81,43.81,34.81,28.81,27.81,30.81,41.81,45.81,54.81,52.81,49.81,65.81,63.81,59.81,61.81,74.81,76.81,60.81,49.81,48.81,49.81,23.81,6.81,2.81,3.81,-7.19,-17.19,-24.19,-27.19,-22.19,-35.19,-36.19,-19.19,-32.19,-55.19,-62.19,-74.19,-82.19,-63.19,-75.19,-67.19,-51.19,-44.19,-13.19,-1.19,15.81,6.81,17.81,31.81,21.81,9.81,4.81,-1.19,-17.19,-12.19,-13.19,-1.19,-8.19,-21.19,-16.19,-8.19,-12.19,-19.19,-3.19,-2.19,7.81,11.81,17.81,13.81,4.81,9.81,22.81,43.81,42.81,26.81,29.81,58.81,44.81,34.81,35.81,33.81,35.81,32.81,34.81,24.81,11.81,-2.19,-0.19,-3.19,-3.19,8.81,1.81,-4.19,0.81,4.81,9.81,5.81,6.81,16.81,20.81,20.81,20.81,19.81,19.81,10.81,13.81,23.81,24.81,26.81,24.81,23.81,16.81,5.81,0.81,3.81,3.81,-2.19,0.81,6.81,8.81,12.81,7.81,9.81,22.81,45.81,66.81,71.81,58.81,55.81,48.81,19.81,3.81,3.81,-5.19,-17.19,-31.19,-51.19,-77.19,-95.19,-117.19,-144.19,-151.19,-161.19,-183.19,-194.19,-194.19,-223.19,-218.19,-213.19,-262.19,-255.19,-241.19,-246.19,-245.19,-239.19,-218.19,-210.19,-215.19,-208.19,-181.19,-181.19,-160.19,-139.19,-131.19,-117.19,-134.19,-119.19,-70.19,-63.19,-81.19,-54.19,-16.19,-19.19,-17.19,-12.19,-11.19,36.81,19.81,18.81,34.81,46.81,43.81,61.81,69.81,117.81,140.81,150.81,156.81,154.81,124.81,128.81,165.81,195.81,230.81,230.81,190.81,169.81,192.81,193.81,175.81,241.81,222.81,237.81,257.81,241.81,208.81,212.81,194.81,170.81,175.81,141.81,165.81,178.81,195.81,158.81,193.81,178.81,129.81,181.81,111.81,132.81,140.81,146.81,154.81,153.81,172.81,174.81,179.81,153.81,158.81,126.81,143.81,137.81,117.81,126.81,107.81,101.81,98.81,89.81,60.81,77.81,54.81,16.81,24.81,40.81,63.81,43.81,43.81,33.81,44.81,46.81,34.81,44.81,79.81,97.81,84.81,84.81,88.81,79.81,72.81,61.81,57.81,51.81,31.81,55.81,73.81,69.81,68.81,81.81,65.81,50.81,57.81,58.81,61.81,54.81,46.81,54.81,28.81,18.81,30.81,33.81,25.81,29.81,27.81,24.81,8.81,-0.19,-36.19,-19.19,-28.19,-34.19,-58.19,-65.19,-65.19,-63.19,-77.19,-87.19,-88.19,-80.19,-67.19,-59.19,-61.19,-54.19,-59.19,-54.19,-56.19,-66.19,-45.19,-53.19,-55.19,-53.19,-55.19,-76.19,-90.19,-96.19,-106.19,-105.19,-121.19,-126.19,-120.19,-101.19,-84.19,-86.19,-91.19,-77.19,-63.19,-59.19,-56.19,-44.19,-44.19,-35.19,-27.19,-50.19,-56.19,-70.19,-79.19,-69.19,-67.19,-64.19,-53.19,-55.19,-60.19,-69.19,-77.19,-78.19,-73.19,-70.19,-81.19,-74.19,-67.19,-62.19,-50.19
-8.42,-27.42,-19.42,-2.42,-2.42,-15.42,-17.42,-12.42,-13.42,-23.42,-32.42,-50.42,-51.42,-45.42,-45.42,-42.42,-40.42,-46.42,-73.42,-74.42,-69.42,-68.42,-68.42,-61.42,-72.42,-75.42,-80.42,-87.42,-83.42,-71.42,-82.42,-85.42,-86.42,-76.42,-42.42,-59.42,-62.42,-67.42,-86.42,-75.42,-56.42,-62.42,-92.42,-52.42,-57.42,-76.42,-71.42,-70.42,-53.42,-62.42,-87.42,-79.42,-96.42,-93.42,-76.42,-56.42,-48.42,-30.42,-24.42,-4.42,12.58,-7.42,-8.42,11.58,9.58,6.58,1.58,-10.42,-15.42,-25.42,-16.42,-12.42,-8.42,-24.42,-35.42,-18.42,-15.42,-4.42,2.58,-8.42,-11.42,16.58,25.58,24.58,21.58,13.58,14.58,27.58,23.58,13.58,6.58,16.58,17.58,1.58,-20.42,8.58,21.58,14.58,14.58,12.58,3.58,-2.42,17.58,21.58,22.58,14.58,11.58,17.58,37.58,44.58,52.58,58.58,49.58,61.58,53.58,36.58,36.58,35.58,39.58,51.58,68.58,73.58,40.58,30.58,33.58,21.58,16.58,7.58,3.58,3.58,6.58,14.58,20.58,0.58,3.58,4.58,11.58,15.58,6.58,3.58,-6.42,-14.42,1.58,17.58,11.58,23.58,22.58,21.58,18.58,4.58,12.58,8.58,1.58,-1.42,17.58,24.58,34.58,33.58,23.58,31.58,21.58,-4.42,-22.42,-21.42,-1.42,-6.42,-23.42,-2.42,14.58,28.58,46.58,58.58,79.58,89.58,105.58,96.58,73.58,49.58,47.58,69.58,77.58,94.58,81.58,74.58,72.58,63.58,68.58,58.58,23.58,15.58,30.58,4.58,-47.42,-45.42,-52.42,-69.42,-95.42,-114.42,-129.42,-125.42,-129.42,-136.42,-156.42,-167.42,-166.42,-173.42,-191.42,-187.42,-160.42,-162.42,-187.42,-190.42,-164.42,-177.42,-177.42,-165.42,-173.42,-179.42,-142.42,-112.42,-132.42,-128.42,-126.42,-119.42,-86.42,-105.42,-106.42,-93.42,-88.42,-89.42,-95.42,-94.42,-45.42,-17.42,-2.42,-9.42,1.58,-27.42,-10.42,2.58,36.58,66.58,68.58,72.58,63.58,83.58,83.58,94.58,154.58,121.58,133.58,143.58,108.58,100.58,126.58,114.58,88.58,107.58,74.58,99.58,123.58,120.58,90.58,137.58,113.58,61.58,87.58,24.58,53.58,54.58,61.58,47.58,60.58,81.58,94.58,112.58,100.58,78.58,60.58,89.58,88.58,86.58,89.58,74.58,90.58,99.58,86.58,68.58,66.58,54.58,35.58,41.58,51.58,53.58,33.58,44.58,35.58,36.58,22.58,29.58,27.58,30.58,37.58,21.58,15.58,16.58,5.58,8.58,4.58,7.58,-1.42,-22.42,-22.42,-10.42,-26.42,-12.42,3.58,-3.42,-10.42,0.58,24.58,35.58,33.58,18.58,19.58,-1.42,13.58,38.58,55.58,43.58,37.58,10.58,12.58,19.58,29.58,28.58,47.58,48.58,56.58,35.58,8.58,-41.42,-90.42,-126.42,-121.42,-137.42,-150.42,-141.42,-135.42,-111.42,-116.42,-89.42,-78.42,-89.42,-75.42,-41.42,-17.42,-1.42,8.58,-1.42,-14.42,-20.42,-7.42,9.58,7.58,21.58,12.58,5.58,19.58,50.58,56.58,39.58,38.58,41.58,55.58,46.58,52.58,55.58,45.58,52.58,54.58,58.58,56.58,56.58,50.58,48.58,59.58,75.58,73.58,69.58,82.58,75.58,67.58,68.58,76.58,75.58,74.58,83.58,97.58,116.58
-37.235,-60.235,-71.235,-64.235,-61.235,-80.235,-79.235,-86.235,-74.235,-79.235,-91.235,-78.235,-55.235,-56.235,-61.235,-52.235,-41.235,-22.235,0.765,2.765,3.765,7.765,23.765,6.765,-15.235,-3.235,9.765,13.765,45.765,58.765,27.765,34.765,37.765,48.765,38.765,-3.235,-12.235,-16.235,-60.235,-58.235,-61.235,-57.235,-33.235,-39.235,-44.235,-67.235,-63.235,-56.235,-51.235,-64.235,-58.235,-54.235,-68.235,-63.235,-40.235,-37.235,-42.235,-27.235,-34.235,-11.235,-5.235,-13.235,-48.235,-91.235,-74.235,-66.235,-92.235,-95.235,-85.235,-54.235,-37.235,-52.235,-64.235,-32.235,-6.235,-17.235,-23.235,-1.235,17.765,15.765,12.765,23.765,51.765,69.765,81.765,82.765,55.765,44.765,49.765,65.765,60.765,49.765,10.765,-2.235,2.765,1.765,-16.235,-15.235,-23.235,-54.235,-85.235,-69.235,-41.235,-40.235,-43.235,-44.235,-39.235,-13.235,-3.235,5.765,3.765,-7.235,-7.235,3.765,31.765,47.765,35.765,37.765,41.765,47.765,52.765,62.765,54.765,53.765,29.765,-5.235,-13.235,-12.235,-6.235,-6.235,-1.235,1.765,4.765,-3.235,2.765,16.765,17.765,20.765,33.765,25.765,23.765,-1.235,-15.235,-10.235,0.765,-5.235,-9.235,-3.235,-5.235,-6.235,1.765,-10.235,-2.235,12.765,6.765,11.765,32.765,45.765,59.765,29.765,28.765,23.765,12.765,28.765,20.765,13.765,25.765,24.765,34.765,55.765,55.765,41.765,42.765,42.765,38.765,23.765,6.765,20.765,47.765,24.765,45.765,58.765,32.765,24.765,26.765,36.765,47.765,58.765,67.765,62.765,49.765,55.765,47.765,49.765,66.765,42.765,58.765,79.765,51.765,41.765,47.765,38.765,15.765,36.765,24.765,5.765,0.765,-2.235,-3.235,20.765,83.765,72.765,70.765,56.765,18.765,21.765,24.765,0.765,35.765,55.765,18.765,-10.235,-9.235,-19.235,19.765,-8.235,15.765,35.765,34.765,55.765,35.765,3.765,29.765,26.765,10.765,12.765,-3.235,-8.235,15.765,27.765,38.765,66.765,78.765,56.765,-12.235,-7.235,11.765,-4.235,9.765,-41.235,-37.235,-18.235,-44.235,-15.235,8.765,-33.235,-55.235,-20.235,-71.235,-60.235,-78.235,-73.235,-97.235,-68.235,-149.24,-163.24,-122.24,-146.24,-112.24,-99.235,-66.235,-90.235,-75.235,-59.235,-25.235,-17.235,-9.235,-14.235,-17.235,-2.235,-3.235,28.765,44.765,30.765,28.765,39.765,32.765,13.765,19.765,-10.235,-24.235,-9.235,-0.235,-14.235,-9.235,-21.235,-45.235,-27.235,-25.235,-32.235,-50.235,-56.235,-53.235,-63.235,-57.235,-35.235,-14.235,-8.235,8.765,26.765,29.765,7.765,-5.235,8.765,5.765,6.765,9.765,18.765,11.765,-14.235,-15.235,-18.235,-25.235,-16.235,-6.235,-12.235,8.765,19.765,20.765,36.765,52.765,59.765,39.765,28.765,23.765,18.765,18.765,12.765,3.765,-1.235,13.765,28.765,57.765,47.765,14.765,40.765,51.765,22.765,5.765,-13.235,-49.235,-61.235,-74.235,-89.235,-88.235,-100.24,-77.235,-58.235,-48.235,-22.235,-20.235,-34.235,-22.235,0.765,7.765,-4.235,-14.235,12.765,35.765,44.765,42.765,35.765,40.765,45.765,62.765,50.765,22.765,33.765,68.765,85.765,87.765,82.765,74.765,92.765,89.765,67.765,47.765,37.765,26.765,16.765,16.765,34.765,30.765,0.765,-17.235,-1.235,10.765,22.765,37.765,49.765
-99.295,-97.295,-87.295,-88.295,-79.295,-64.295,-63.295,-63.295,-67.295,-60.295,-39.295,-43.295,-43.295,-22.295,-3.295,-21.295,-21.295,-21.295,0.705,20.705,20.705,16.705,45.705,29.705,5.705,24.705,41.705,15.705,9.705,6.705,-35.295,-26.295,-31.295,-11.295,-38.295,-79.295,-83.295,-85.295,-80.295,-79.295,-95.295,-101.3,-106.3,-96.295,-91.295,-94.295,-88.295,-93.295,-91.295,-92.295,-77.295,-64.295,-62.295,-44.295,-45.295,-44.295,-26.295,-7.295,-17.295,-51.295,-67.295,-76.295,-67.295,-49.295,-20.295,-12.295,-16.295,-11.295,-8.295,5.705,11.705,5.705,8.705,13.705,17.705,11.705,13.705,13.705,4.705,-14.295,-19.295,-11.295,-1.295,8.705,6.705,2.705,6.705,15.705,35.705,47.705,42.705,32.705,43.705,50.705,32.705,13.705,21.705,23.705,35.705,49.705,34.705,20.705,14.705,1.705,-9.295,-18.295,-24.295,-29.295,-55.295,-83.295,-90.295,-82.295,-81.295,-89.295,-76.295,-73.295,-65.295,-73.295,-100.3,-82.295,-86.295,-85.295,-57.295,-39.295,-40.295,-39.295,-38.295,-26.295,-24.295,-24.295,-21.295,-12.295,-10.295,-23.295,-20.295,-25.295,-25.295,-17.295,-20.295,-31.295,-24.295,-13.295,-15.295,-17.295,-11.295,8.705,9.705,17.705,29.705,35.705,30.705,30.705,49.705,67.705,61.705,62.705,61.705,74.705,92.705,67.705,53.705,58.705,49.705,34.705,12.705,13.705,17.705,22.705,35.705,44.705,45.705,59.705,56.705,49.705,44.705,36.705,31.705,32.705,29.705,3.705,-11.295,-21.295,-42.295,-34.295,1.705,8.705,-7.295,-0.295,9.705,13.705,9.705,34.705,12.705,26.705,76.705,43.705,22.705,74.705,46.705,8.705,23.705,33.705,57.705,75.705,60.705,46.705,47.705,70.705,68.705,43.705,76.705,76.705,85.705,63.705,77.705,109.71,80.705,80.705,133.7,154.7,108.71,62.705,46.705,39.705,53.705,34.705,82.705,67.705,-8.295,22.705,-24.295,-50.295,-9.295,11.705,-21.295,-6.295,-16.295,-42.295,-35.295,-44.295,-50.295,-35.295,-20.295,-4.295,-71.295,-49.295,-44.295,-115.3,-103.3,-125.3,-84.295,-88.295,-148.3,-120.3,-60.295,-145.3,-215.3,-147.3,-169.3,-148.3,-187.3,-151.3,-184.3,-149.3,-170.3,-164.3,-150.3,-166.3,-152.3,-171.3,-172.3,-185.3,-157.3,-145.3,-103.3,-89.295,-76.295,-112.3,-131.3,-118.3,-110.3,-82.295,-73.295,-87.295,-77.295,-51.295,-60.295,-13.295,-14.295,-31.295,-26.295,-33.295,-48.295,-51.295,-43.295,-33.295,-36.295,-43.295,-54.295,-54.295,-35.295,-31.295,-62.295,-65.295,-32.295,-23.295,-21.295,-41.295,-36.295,-22.295,-3.295,1.705,11.705,33.705,32.705,47.705,52.705,68.705,92.705,83.705,81.705,61.705,55.705,58.705,61.705,79.705,80.705,68.705,23.705,-4.295,2.705,16.705,24.705,35.705,42.705,52.705,46.705,51.705,68.705,74.705,77.705,84.705,76.705,74.705,76.705,97.705,73.705,38.705,54.705,70.705,96.705,100.71,104.71,84.705,99.705,97.705,94.705,91.705,76.705,77.705,85.705,90.705,83.705,69.705,78.705,85.705,91.705,90.705,98.705,98.705,102.71,114.71,116.71,113.71,97.705,70.705,55.705,53.705,60.705,70.705,72.705,73.705,79.705,87.705,102.71,115.71,113.71,124.71,136.7,134.7,118.71,116.71,120.71,121.71,132.7,131.7,118.71,105.71,109.71,113.71
-11.6,-1.6,9.4,19.4,14.4,16.4,4.4,0.4,1.4,20.4,21.4,25.4,27.4,16.4,21.4,29.4,34.4,51.4,39.4,17.4,-3.6,-29.6,-59.6,-64.6,-39.6,-35.6,-51.6,-45.6,-75.6,-88.6,-56.6,-48.6,-64.6,-65.6,-60.6,-67.6,-54.6,-33.6,-30.6,-21.6,-0.6,9.4,-5.6,-16.6,-8.6,-17.6,-10.6,-8.6,-18.6,-17.6,-4.6,1.4,8.4,26.4,44.4,47.4,34.4,15.4,-0.6,-11.6,-23.6,-30.6,-40.6,-54.6,-50.6,-17.6,1.4,-4.6,-28.6,-15.6,0.4,0.4,-4.6,3.4,18.4,19.4,3.4,3.4,9.4,0.4,-7.6,-7.6,-0.6,-20.6,-51.6,-58.6,-59.6,-43.6,-69.6,-62.6,-29.6,-21.6,-32.6,-23.6,-24.6,-26.6,-13.6,-6.6,-9.6,22.4,43.4,43.4,60.4,80.4,96.4,101.4,87.4,48.4,41.4,40.4,43.4,36.4,19.4,21.4,17.4,-2.6,5.4,13.4,21.4,11.4,9.4,15.4,10.4,1.4,2.4,22.4,41.4,42.4,55.4,61.4,59.4,55.4,58.4,54.4,38.4,19.4,17.4,15.4,19.4,21.4,16.4,13.4,15.4,8.4,7.4,4.4,-14.6,-10.6,-0.6,-11.6,-25.6,-16.6,-14.6,-11.6,-7.6,1.4,-10.6,-4.6,2.4,0.4,6.4,15.4,12.4,8.4,9.4,21.4,2.4,-4.6,-0.6,-1.6,17.4,9.4,-6.6,-5.6,8.4,11.4,17.4,25.4,14.4,-2.6,-11.6,-37.6,-29.6,-21.6,-11.6,-13.6,-42.6,-50.6,-49.6,-34.6,-23.6,-32.6,-6.6,14.4,-24.6,-26.6,-19.6,-42.6,-16.6,-4.6,-9.6,-7.6,-2.6,-4.6,-14.6,-25.6,-41.6,-62.6,-81.6,-81.6,-94.6,-96.6,-81.6,-80.6,-99.6,-80.6,-57.6,-68.6,-87.6,-85.6,-77.6,-92.6,-95.6,-110.6,-97.6,-94.6,-111.6,-122.6,-101.6,-109.6,-114.6,-110.6,-103.6,-89.6,-61.6,-76.6,-90.6,-70.6,-69.6,-77.6,-78.6,-83.6,-78.6,-96.6,-103.6,-109.6,-99.6,-84.6,-102.6,-84.6,-78.6,-78.6,-64.6,-69.6,-95.6,-84.6,-16.6,-23.6,-39.6,-51.6,-18.6,-10.6,-9.6,-38.6,-49.6,-36.6,-23.6,-12.6,-43.6,-59.6,-48.6,-30.6,-50.6,-38.6,-56.6,-60.6,-37.6,-21.6,-5.6,-37.6,-13.6,9.4,17.4,38.4,15.4,-10.6,-1.6,-15.6,-33.6,-35.6,-8.6,-15.6,-7.6,4.4,2.4,-14.6,-4.6,8.4,15.4,23.4,38.4,57.4,53.4,63.4,65.4,63.4,52.4,65.4,80.4,85.4,89.4,101.4,102.4,83.4,74.4,55.4,33.4,29.4,34.4,43.4,46.4,43.4,16.4,8.4,28.4,39.4,51.4,65.4,74.4,66.4,51.4,50.4,54.4,77.4,74.4,75.4,72.4,71.4,80.4,98.4,104.4,88.4,86.4,99.4,127.4,135.4,136.4,121.4,81.4,70.4,74.4,91.4,97.4,111.4,117.4,111.4,91.4,91.4,102.4,85.4,80.4,94.4,95.4,62.4,29.4,14.4,15.4,28.4,31.4,17.4,19.4,29.4,46.4,55.4,56.4,64.4,73.4,65.4,58.4,61.4,58.4,60.4,56.4,40.4,43.4,18.4,7.4,11.4,33.4,40.4,39.4,26.4,14.4,5.4,-18.6,-42.6,-40.6,-57.6,-87.6,-93.6
1.9875,9.9875,10.987,6.9875,10.987,8.9875,4.9875,1.9875,4.9875,11.987,20.987,30.987,9.9875,-5.0125,-9.0125,-7.0125,-2.0125,5.9875,3.9875,-6.0125,-2.0125,-0.0125,-4.0125,-6.0125,-4.0125,6.9875,15.987,29.987,6.9875,-15.013,-5.0125,-6.0125,0.9875,-5.0125,4.9875,15.987,15.987,16.987,18.987,30.987,42.987,43.987,46.987,42.987,52.987,78.987,81.987,73.987,78.987,80.987,74.987,69.987,74.987,80.987,62.987,47.987,33.987,22.987,14.987,12.987,7.9875,14.987,21.987,30.987,26.987,14.987,16.987,25.987,24.987,14.987,-7.0125,-7.0125,-5.0125,-8.0125,-8.0125,-2.0125,-8.0125,-8.0125,-6.0125,-5.0125,4.9875,5.9875,-10.013,-12.013,7.9875,9.9875,-7.0125,-11.013,-19.013,-17.013,-17.013,-13.013,-1.0125,-10.013,-10.013,-19.013,-29.013,-31.013,-22.013,-11.013,3.9875,-0.0125,-6.0125,-5.0125,-9.0125,-16.013,-21.013,-8.0125,4.9875,0.9875,-7.0125,-17.013,-18.013,-18.013,-18.013,-16.013,-15.013,-25.013,-15.013,-17.013,-22.013,-39.013,-59.013,-67.013,-61.013,-41.013,-24.013,-21.013,-9.0125,-3.0125,2.9875,-1.0125,-5.0125,-3.0125,5.9875,15.987,24.987,18.987,19.987,23.987,20.987,15.987,2.9875,-9.0125,0.9875,4.9875,10.987,16.987,9.9875,-3.0125,-8.0125,-7.0125,-0.0125,6.9875,13.987,8.9875,-2.0125,-8.0125,-8.0125,-3.0125,-15.013,-7.0125,12.987,20.987,19.987,19.987,10.987,-3.0125,-16.013,-29.013,-36.013,-47.013,-61.013,-66.013,-69.013,-68.013,-59.013,-51.013,-45.013,-48.013,-53.013,-50.013,-23.013,-22.013,-25.013,-15.013,-6.0125,-21.013,-23.013,-19.013,-19.013,-30.013,-16.013,-15.013,-29.013,-15.013,-13.013,-29.013,-22.013,-1.0125,-6.0125,-8.0125,-16.013,-22.013,-17.013,-13.013,-6.0125,-18.013,-19.013,-9.0125,-21.013,-13.013,-27.013,-20.013,3.9875,4.9875,30.987,34.987,18.987,13.987,21.987,32.987,46.987,41.987,17.987,30.987,29.987,38.987,62.987,53.987,54.987,51.987,30.987,25.987,52.987,55.987,42.987,48.987,38.987,36.987,31.987,33.987,16.987,18.987,38.987,27.987,23.987,24.987,-1.0125,1.9875,-8.0125,-13.013,12.987,22.987,-5.0125,1.9875,24.987,7.9875,24.987,18.987,44.987,55.987,69.987,47.987,69.987,73.987,42.987,64.987,50.987,50.987,55.987,56.987,43.987,28.987,21.987,17.987,-15.013,-23.013,-10.013,-29.013,-32.013,-45.013,-51.013,-48.013,-32.013,-29.013,-22.013,-34.013,-41.013,-28.013,-12.013,-6.0125,-2.0125,-27.013,-33.013,-38.013,-29.013,-32.013,-32.013,-25.013,-21.013,-25.013,-25.013,-23.013,-28.013,-32.013,-24.013,-16.013,-24.013,-37.013,-48.013,-57.013,-73.013,-74.013,-58.013,-49.013,-40.013,-42.013,-38.013,-39.013,-42.013,-46.013,-45.013,-31.013,-32.013,-36.013,-38.013,-34.013,-28.013,-25.013,-44.013,-39.013,-30.013,-33.013,-46.013,-43.013,-41.013,-33.013,-32.013,-30.013,-21.013,-15.013,-15.013,-14.013,5.9875,19.987,28.987,19.987,9.9875,-9.0125,-20.013,-19.013,-8.0125,3.9875,-7.0125,-15.013,-17.013,1.9875,10.987,1.9875,0.9875,8.9875,1.9875,2.9875,26.987,43.987,49.987,41.987,28.987,25.987,23.987,22.987,24.987,26.987,32.987,39.987,36.987,15.987,-2.0125,0.9875,2.9875,0.9875,-5.0125,-0.0125,-6.0125,-3.0125,-1.0125,4.9875,9.9875,14.987,16.987,19.987,24.987,18.987,8.9875,6.9875,-0.0125,-15.013,-17.013,-30.013
23.325,41.325,38.325,25.325,21.325,32.325,40.325,64.325,65.325,57.325,54.325,51.325,41.325,35.325,28.325,40.325,29.325,33.325,40.325,24.325,25.325,32.325,42.325,42.325,25.325,13.325,31.325,31.325,12.325,-7.675,8.325,1.325,7.325,-7.675,-15.675,-2.675,-19.675,-19.675,-12.675,-19.675,-24.675,-10.675,11.325,-3.675,-8.675,-1.675,-0.675,8.325,18.325,19.325,-11.675,-26.675,-26.675,-68.675,-86.675,-99.675,-113.68,-94.675,-70.675,-62.675,-66.675,-59.675,-45.675,-54.675,-59.675,-80.675,-56.675,-44.675,-26.675,-37.675,-37.675,-27.675,-25.675,-18.675,-9.675,9.325,21.325,-8.675,-23.675,-20.675,-8.675,0.325,10.325,5.325,15.325,25.325,16.325,13.325,17.325,12.325,13.325,28.325,42.325,59.325,53.325,46.325,35.325,28.325,34.325,49.325,60.325,73.325,49.325,51.325,68.325,69.325,69.325,58.325,58.325,57.325,57.325,62.325,56.325,45.325,46.325,52.325,32.325,26.325,44.325,38.325,17.325,4.325,-8.675,-7.675,-0.675,6.325,8.325,12.325,21.325,12.325,10.325,16.325,15.325,13.325,13.325,5.325,-10.675,-8.675,-14.675,-28.675,-36.675,-22.675,-8.675,-7.675,-10.675,-22.675,-11.675,-10.675,-27.675,-35.675,-29.675,-24.675,-31.675,-39.675,-47.675,-35.675,-40.675,-48.675,-50.675,-28.675,-23.675,-36.675,-44.675,-42.675,-26.675,-6.675,-9.675,-29.675,-43.675,-63.675,-53.675,-52.675,-57.675,-60.675,-85.675,-81.675,-60.675,-35.675,-24.675,-21.675,-10.675,-5.675,-7.675,-3.675,-13.675,-12.675,-0.675,4.325,14.325,23.325,18.325,11.325,27.325,20.325,15.325,39.325,53.325,47.325,38.325,37.325,47.325,56.325,50.325,62.325,68.325,94.325,103.33,94.325,116.33,111.33,82.325,64.325,50.325,68.325,57.325,29.325,43.325,71.325,59.325,64.325,90.325,93.325,86.325,89.325,71.325,108.33,105.33,109.33,138.32,129.32,130.32,129.32,85.325,57.325,69.325,56.325,49.325,63.325,42.325,36.325,21.325,-11.675,-38.675,-31.675,28.325,18.325,9.325,9.325,-29.675,-15.675,-57.675,-65.675,-19.675,-15.675,-44.675,-27.675,-27.675,-49.675,15.325,8.325,3.325,-30.675,-19.675,-39.675,-11.675,10.325,2.325,36.325,7.325,7.325,4.325,11.325,-7.675,-38.675,-44.675,-32.675,-39.675,-29.675,-40.675,-52.675,-68.675,-54.675,-32.675,-15.675,-44.675,-86.675,-100.68,-88.675,-78.675,-72.675,-59.675,-73.675,-89.675,-92.675,-106.68,-92.675,-69.675,-60.675,-49.675,-42.675,-53.675,-63.675,-57.675,-58.675,-51.675,-54.675,-39.675,-44.675,-55.675,-62.675,-48.675,-38.675,-51.675,-62.675,-44.675,-42.675,-21.675,-24.675,-48.675,-31.675,-24.675,-12.675,2.325,9.325,2.325,32.325,49.325,37.325,43.325,36.325,29.325,22.325,1.325,-18.675,-22.675,-22.675,-1.675,22.325,4.325,-1.675,-8.675,2.325,-0.675,7.325,-4.675,-25.675,-22.675,-24.675,-23.675,-23.675,-5.675,2.325,-9.675,18.325,22.325,14.325,-7.675,-17.675,7.325,16.325,13.325,3.325,3.325,9.325,-4.675,-1.675,3.325,-4.675,-45.675,-33.675,-5.675,11.325,6.325,-2.675,-10.675,1.325,-5.675,-4.675,-8.675,-35.675,-19.675,-43.675,-43.675,-27.675,-27.675,-9.675,4.325,-9.675,-18.675,-12.675,-1.675,3.325,9.325,1.325,-8.675,-19.675,-22.675,-16.675,-15.675,-11.675
64.385,65.385,58.385,59.385,53.385,54.385,53.385,51.385,65.385,69.385,63.385,66.385,65.385,62.385,48.385,54.385,72.385,64.385,60.385,55.385,50.385,55.385,37.385,46.385,50.385,37.385,13.385,5.385,16.385,3.385,37.385,61.385,55.385,34.385,37.385,69.385,74.385,61.385,60.385,28.385,14.385,21.385,36.385,3.385,-4.615,9.385,1.385,-31.615,-24.615,-17.615,-3.615,11.385,22.385,21.385,-1.615,-16.615,-21.615,-25.615,-15.615,-3.615,10.385,15.385,12.385,8.385,6.385,16.385,18.385,6.385,-14.615,-26.615,-26.615,-18.615,-7.615,1.385,-10.615,-23.615,-28.615,-31.615,-26.615,-19.615,-22.615,-27.615,-20.615,-9.615,-6.615,-9.615,-4.615,2.385,-14.615,-16.615,-13.615,-38.615,-15.615,1.385,6.385,4.385,16.385,19.385,7.385,22.385,41.385,43.385,20.385,-6.615,-12.615,-8.615,-11.615,-21.615,-21.615,-7.615,-20.615,-26.615,-1.615,10.385,8.385,-0.615,0.385,20.385,20.385,10.385,-4.615,-11.615,13.385,16.385,6.385,4.385,0.385,-1.615,-19.615,-30.615,-44.615,-47.615,-33.615,-25.615,-18.615,-14.615,-6.615,-5.615,-19.615,-32.615,-37.615,-32.615,-33.615,-21.615,-22.615,-25.615,-31.615,-56.615,-72.615,-57.615,-44.615,-45.615,-53.615,-44.615,-52.615,-67.615,-46.615,-18.615,-22.615,-25.615,-23.615,-16.615,-6.615,3.385,-5.615,-1.615,-2.615,-25.615,-32.615,-39.615,-59.615,-65.615,-53.615,-52.615,-61.615,-63.615,-45.615,-28.615,-23.615,-31.615,-35.615,6.385,26.385,25.385,0.385,-11.615,0.385,8.385,10.385,-4.615,7.385,25.385,43.385,21.385,42.385,64.385,45.385,47.385,69.385,90.385,99.385,109.39,108.39,82.385,81.385,62.385,49.385,58.385,79.385,74.385,66.385,71.385,45.385,69.385,85.385,75.385,77.385,103.39,36.385,0.385,28.385,58.385,65.385,89.385,57.385,92.385,79.385,55.385,66.385,51.385,62.385,75.385,41.385,11.385,-5.615,-20.615,-0.615,39.385,24.385,-1.615,-26.615,-68.615,-54.615,-36.615,1.385,-22.615,-33.615,-19.615,-61.615,-19.615,-66.615,-63.615,-42.615,-65.615,-67.615,-39.615,-48.615,-77.615,-17.615,-30.615,-52.615,-82.615,-39.615,-67.615,-17.615,-13.615,-32.615,31.385,-3.615,3.385,-21.615,-20.615,-30.615,-38.615,-47.615,-75.615,-74.615,-46.615,-33.615,-42.615,-50.615,-30.615,-49.615,-16.615,-14.615,-39.615,-41.615,-43.615,-38.615,-27.615,3.385,21.385,13.385,10.385,21.385,20.385,9.385,4.385,16.385,19.385,20.385,-3.615,4.385,17.385,22.385,22.385,28.385,29.385,31.385,28.385,18.385,16.385,6.385,8.385,15.385,19.385,15.385,1.385,-4.615,6.385,15.385,12.385,11.385,-11.615,-22.615,-7.615,-0.615,-3.615,-6.615,-1.615,-14.615,-12.615,-12.615,-30.615,-42.615,-40.615,-42.615,-34.615,-37.615,-30.615,-23.615,-3.615,-10.615,-18.615,-25.615,-35.615,-36.615,-43.615,-22.615,-11.615,0.385,28.385,46.385,60.385,38.385,-1.615,-11.615,-3.615,3.385,7.385,6.385,-4.615,-17.615,-8.615,-7.615,-10.615,-17.615,-35.615,-48.615,-61.615,-65.615,-64.615,-56.615,-41.615,-30.615,-27.615,-18.615,-18.615,-9.615,-19.615,-25.615,-28.615,-30.615,-33.615,-39.615,-45.615,-40.615,-51.615,-51.615,-32.615,-28.615,-26.615,-25.615,-21.615,-7.615,13.385,20.385,16.385,13.385,-10.615
-58.64,-40.64,-32.64,-28.64,-11.64,19.36,7.36,-6.64,-12.64,1.36,15.36,-0.64,-2.64,-9.64,-23.64,-37.64,-20.64,-4.64,-23.64,-37.64,-26.64,-43.64,-40.64,-28.64,-14.64,-11.64,-20.64,-10.64,-19.64,-8.64,10.36,3.36,-4.64,-1.64,-3.64,23.36,22.36,36.36,66.36,78.36,81.36,89.36,109.36,115.36,113.36,103.36,101.36,123.36,110.36,110.36,115.36,109.36,116.36,87.36,73.36,91.36,106.36,111.36,107.36,92.36,96.36,107.36,101.36,96.36,63.36,48.36,27.36,18.36,25.36,30.36,23.36,21.36,40.36,43.36,25.36,11.36,18.36,37.36,54.36,68.36,53.36,41.36,46.36,43.36,24.36,21.36,19.36,19.36,39.36,39.36,51.36,66.36,31.36,2.36,19.36,24.36,18.36,18.36,9.36,3.36,22.36,25.36,13.36,0.36,4.36,13.36,0.36,-8.64,-12.64,-14.64,-7.64,7.36,5.36,-1.64,-8.64,-10.64,4.36,7.36,13.36,-14.64,-28.64,-34.64,-46.64,-40.64,-31.64,2.36,37.36,12.36,-8.64,-17.64,-15.64,-9.64,-3.64,6.36,18.36,6.36,-17.64,-26.64,-20.64,0.36,5.36,-22.64,-30.64,-29.64,-32.64,-35.64,-40.64,-49.64,-47.64,-28.64,-39.64,-58.64,-57.64,-71.64,-74.64,-65.64,-70.64,-88.64,-86.64,-75.64,-67.64,-56.64,-54.64,-59.64,-61.64,-63.64,-63.64,-40.64,-37.64,-44.64,-73.64,-79.64,-86.64,-84.64,-66.64,-60.64,-55.64,-70.64,-74.64,-43.64,-31.64,-42.64,-54.64,-50.64,-50.64,-51.64,-52.64,-41.64,-36.64,-35.64,-45.64,-45.64,-19.64,-22.64,-54.64,-58.64,-32.64,-38.64,-35.64,-34.64,-46.64,-47.64,-39.64,-34.64,-28.64,-57.64,-73.64,-79.64,-89.64,-87.64,-106.64,-119.64,-120.64,-107.64,-114.64,-123.64,-117.64,-117.64,-150.64,-143.64,-77.64,-76.64,-84.64,-78.64,-59.64,-58.64,-78.64,-44.64,-19.64,-17.64,25.36,50.36,32.36,27.36,31.36,46.36,50.36,54.36,76.36,93.36,90.36,113.36,102.36,94.36,120.36,92.36,90.36,103.36,74.36,91.36,124.36,115.36,138.36,105.36,61.36,98.36,128.36,105.36,96.36,70.36,83.36,106.36,115.36,86.36,93.36,105.36,82.36,99.36,77.36,40.36,31.36,14.36,4.36,11.36,-37.64,-37.64,-30.64,-28.64,-12.64,-50.64,-44.64,-51.64,-21.64,15.36,23.36,62.36,65.36,5.36,-11.64,19.36,28.36,40.36,63.36,51.36,61.36,59.36,61.36,59.36,32.36,5.36,0.36,0.36,17.36,34.36,12.36,-1.64,-23.64,-15.64,-4.64,-17.64,-10.64,0.36,8.36,-2.64,9.36,12.36,9.36,20.36,31.36,33.36,33.36,37.36,43.36,38.36,44.36,46.36,27.36,17.36,14.36,3.36,-4.64,0.36,2.36,16.36,12.36,0.36,-17.64,-26.64,-26.64,-14.64,4.36,-10.64,-29.64,-16.64,16.36,23.36,34.36,34.36,-6.64,-23.64,-39.64,-42.64,-40.64,-21.64,-7.64,-1.64,-4.64,-6.64,-8.64,-14.64,-10.64,-1.64,-6.64,-6.64,-14.64,-20.64,-23.64,-41.64,-49.64,-45.64,-39.64,-45.64,-55.64,-53.64,-66.64,-56.64,-44.64,-35.64,-67.64,-85.64,-89.64,-69.64,-54.64,-59.64,-43.64,-38.64,-38.64,-30.64,-27.64,-29.64,-22.64,-21.64,-33.64,-49.64,-60.64,-57.64,-43.64,-38.64,-21.64,-18.64
-11.22,-0.22,8.78,20.78,30.78,38.78,40.78,41.78,48.78,54.78,54.78,60.78,45.78,38.78,42.78,34.78,27.78,27.78,29.78,43.78,47.78,43.78,35.78,37.78,50.78,40.78,38.78,61.78,55.78,29.78,54.78,42.78,26.78,-1.22,4.78,22.78,9.78,25.78,31.78,33.78,23.78,27.78,32.78,27.78,35.78,46.78,50.78,59.78,39.78,54.78,62.78,45.78,56.78,50.78,40.78,41.78,13.78,11.78,41.78,19.78,-17.22,-18.22,-15.22,-33.22,-26.22,-13.22,-5.22,-7.22,7.78,15.78,25.78,36.78,33.78,17.78,28.78,27.78,22.78,10.78,10.78,15.78,6.78,-5.22,-4.22,6.78,20.78,18.78,14.78,7.78,6.78,3.78,9.78,16.78,10.78,-2.22,-0.22,-3.22,-22.22,-14.22,-9.22,-22.22,-21.22,-20.22,-13.22,-17.22,-31.22,-18.22,-6.22,-9.22,-7.22,-3.22,-16.22,-12.22,-1.22,-9.22,-22.22,-12.22,-7.22,-8.22,1.78,-13.22,-23.22,-13.22,8.78,-3.22,-8.22,-5.22,5.78,13.78,6.78,-7.22,-1.22,-3.22,-20.22,0.78,8.78,17.78,27.78,19.78,20.78,25.78,30.78,25.78,8.78,8.78,-1.22,-11.22,2.78,7.78,6.78,-4.22,-14.22,-8.22,-3.22,-0.22,-12.22,-24.22,-18.22,-19.22,-31.22,-22.22,-3.22,11.78,16.78,22.78,26.78,23.78,16.78,8.78,-6.22,-19.22,-35.22,-52.22,-64.22,-74.22,-81.22,-84.22,-83.22,-80.22,-86.22,-68.22,-80.22,-74.22,-45.22,-33.22,-20.22,-5.22,-14.22,-26.22,-24.22,-4.22,8.78,7.78,26.78,18.78,-4.22,6.78,16.78,-1.22,7.78,31.78,23.78,22.78,16.78,9.78,17.78,15.78,7.78,0.78,13.78,22.78,0.78,7.78,4.78,15.78,28.78,19.78,52.78,42.78,13.78,4.78,32.78,48.78,53.78,40.78,28.78,40.78,13.78,7.78,13.78,-4.22,12.78,22.78,7.78,18.78,43.78,36.78,35.78,40.78,17.78,12.78,1.78,17.78,9.78,8.78,35.78,28.78,38.78,53.78,18.78,37.78,37.78,17.78,28.78,5.78,-8.22,26.78,58.78,31.78,18.78,-18.22,21.78,39.78,71.78,20.78,38.78,40.78,-5.22,22.78,16.78,20.78,16.78,11.78,22.78,-2.22,-24.22,-43.22,-48.22,-14.22,-5.22,-32.22,-40.22,-66.22,-57.22,-35.22,-13.22,-30.22,-11.22,-26.22,-28.22,2.78,-10.22,-44.22,-42.22,-38.22,-29.22,-7.22,0.78,-8.22,-22.22,-37.22,-51.22,-68.22,-57.22,-48.22,-62.22,-55.22,-49.22,-46.22,-66.22,-90.22,-117.22,-99.22,-82.22,-92.22,-79.22,-83.22,-86.22,-68.22,-49.22,-45.22,-55.22,-33.22,-4.22,5.78,6.78,8.78,-5.22,-9.22,-9.22,0.78,10.78,6.78,1.78,3.78,-0.22,-1.22,-10.22,-7.22,-4.22,2.78,0.78,-2.22,11.78,36.78,34.78,14.78,26.78,35.78,16.78,-16.22,-43.22,-78.22,-90.22,-65.22,-64.22,-56.22,-27.22,-31.22,-51.22,-53.22,-51.22,-36.22,-31.22,-15.22,-3.22,-12.22,-1.22,-8.22,-19.22,-16.22,-7.22,15.78,11.78,4.78,-4.22,-2.22,4.78,6.78,0.78,0.78,6.78,16.78,18.78,8.78,-3.22,-13.22,-17.22,-22.22,-28.22,-20.22,-5.22,4.78,11.78,1.78,-9.22,-10.22,-10.22,-12.22,-28.22,-36.22
24.892,37.892,39.892,38.892,70.892,67.892,40.892,41.892,39.892,47.892,50.892,49.892,57.892,52.892,29.892,38.892,48.892,33.892,35.892,38.892,45.892,27.892,2.8925,20.892,44.892,37.892,33.892,43.892,50.892,71.892,78.892,53.892,60.892,21.892,15.892,44.892,21.892,11.892,44.892,21.892,6.8925,3.8925,-19.108,-39.108,-27.108,-22.108,-21.108,-8.1075,-0.1075,-17.108,-26.108,-29.108,-15.108,-3.1075,-7.1075,-12.108,-3.1075,12.892,14.892,4.8925,25.892,40.892,30.892,5.8925,-8.1075,-9.1075,-8.1075,7.8925,24.892,15.892,10.892,23.892,15.892,5.8925,18.892,18.892,34.892,40.892,42.892,40.892,45.892,17.892,6.8925,-7.1075,-2.1075,7.8925,13.892,13.892,12.892,-3.1075,-3.1075,2.8925,-8.1075,-14.108,0.8925,-4.1075,-44.108,-40.108,-23.108,-14.108,-7.1075,-12.108,-17.108,-16.108,-36.108,-52.108,-31.108,9.8925,22.892,22.892,19.892,28.892,30.892,18.892,13.892,7.8925,4.8925,2.8925,-0.1075,5.8925,26.892,32.892,20.892,5.8925,-6.1075,-13.108,-13.108,-3.1075,12.892,30.892,25.892,14.892,-12.108,-40.108,-63.108,-59.108,-50.108,-38.108,-35.108,-20.108,-4.1075,5.8925,0.8925,-5.1075,-15.108,-15.108,-31.108,-38.108,-20.108,2.8925,17.892,15.892,-2.1075,-24.108,-33.108,-35.108,-44.108,-36.108,-34.108,-31.108,-28.108,-10.108,-12.108,-8.1075,3.8925,-13.108,-9.1075,17.892,-1.1075,-42.108,-80.108,-99.108,-115.11,-107.11,-97.108,-79.108,-73.108,-83.108,-97.108,-91.108,-75.108,-66.108,-10.108,-12.108,-16.108,19.892,54.892,57.892,38.892,16.892,15.892,15.892,41.892,29.892,26.892,28.892,20.892,20.892,53.892,57.892,29.892,15.892,34.892,36.892,36.892,52.892,72.892,41.892,45.892,68.892,60.892,46.892,24.892,49.892,41.892,18.892,45.892,68.892,36.892,-12.108,0.8925,25.892,12.892,7.8925,14.892,24.892,4.8925,20.892,52.892,10.892,6.8925,19.892,-6.1075,-19.108,-22.108,-50.108,-50.108,-21.108,0.8925,5.8925,-16.108,-53.108,-23.108,1.8925,32.892,10.892,19.892,91.892,76.892,75.892,43.892,51.892,63.892,11.892,-11.108,35.892,36.892,-57.108,-28.108,-57.108,-62.108,-115.11,-64.108,-116.11,-81.108,-50.108,-107.11,-63.108,-45.108,-4.1075,-21.108,9.8925,43.892,2.8925,11.892,72.892,85.892,56.892,35.892,41.892,8.8925,-52.108,-60.108,-74.108,-62.108,-45.108,-51.108,-65.108,-24.108,-1.1075,-26.108,-54.108,-40.108,-28.108,-25.108,-23.108,-15.108,-38.108,-14.108,6.8925,-3.1075,-14.108,20.892,25.892,5.8925,6.8925,25.892,49.892,44.892,41.892,33.892,39.892,35.892,41.892,32.892,11.892,-8.1075,9.8925,13.892,23.892,35.892,39.892,44.892,63.892,58.892,28.892,5.8925,8.8925,15.892,18.892,7.8925,22.892,35.892,50.892,53.892,51.892,29.892,23.892,16.892,13.892,-4.1075,5.8925,65.892,58.892,7.8925,-22.108,-14.108,4.8925,9.8925,22.892,8.8925,-37.108,-59.108,-81.108,-92.108,-97.108,-92.108,-107.11,-124.11,-137.11,-120.11,-120.11,-107.11,-84.108,-79.108,-86.108,-68.108,-40.108,-38.108,-49.108,-52.108,-21.108,-4.1075,-3.1075,-2.1075,6.8925,25.892,21.892,9.8925,10.892,29.892,29.892,20.892,6.8925,-13.108,-23.108,-12.108,-6.1075,-19.108,-41.108,-44.108,-40.108,-39.108,-25.108,-18.108,-19.108,-22.108,-14.108,-15.108,-35.108
8.9475,11.948,16.947,22.947,21.947,19.947,12.948,11.948,16.947,23.947,30.947,38.947,37.947,40.947,28.947,20.947,25.947,32.947,31.947,19.947,6.9475,6.9475,8.9475,26.947,23.947,10.948,8.9475,27.947,36.947,11.948,32.947,45.947,56.947,35.947,27.947,57.947,35.947,28.947,35.947,27.947,43.947,58.947,55.947,12.948,-2.0525,3.9475,7.9475,-2.0525,0.9475,14.948,29.947,36.947,44.947,38.947,37.947,25.947,12.948,-2.0525,-17.053,-39.053,-37.053,-22.053,-5.0525,6.9475,17.947,29.947,14.948,8.9475,8.9475,21.947,13.948,9.9475,15.948,26.947,24.947,7.9475,-8.0525,-11.053,-8.0525,0.9475,2.9475,-3.0525,2.9475,-4.0525,0.9475,6.9475,11.948,10.948,4.9475,0.9475,-6.0525,-22.053,-21.053,-30.053,-23.053,-19.053,-26.053,-14.053,-14.053,-7.0525,3.9475,1.9475,-13.053,-23.053,-25.053,-28.053,-27.053,-20.053,-17.053,-16.053,-16.053,-29.053,-22.053,1.9475,3.9475,-4.0525,-9.0525,4.9475,-0.0525,-15.053,-32.053,-38.053,-19.053,-15.053,-20.053,-12.053,-7.0525,-16.053,-39.053,-29.053,-17.053,-26.053,-35.053,-24.053,-16.053,-9.0525,-13.053,-20.053,-14.053,-9.0525,-18.053,-21.053,-25.053,-29.053,-25.053,-11.053,-1.0525,4.9475,12.948,9.9475,-2.0525,2.9475,7.9475,10.948,9.9475,2.9475,12.948,21.947,15.948,44.947,49.947,38.947,32.947,32.947,17.947,4.9475,-1.0525,-5.0525,-21.053,-48.053,-54.053,-48.053,-47.053,-46.053,-34.053,-14.053,-3.0525,1.9475,-0.0525,2.9475,0.9475,1.9475,13.948,13.948,-16.053,-25.053,-24.053,-24.053,-12.053,-27.053,2.9475,37.947,38.947,3.9475,18.947,34.947,23.947,5.9475,17.947,36.947,43.947,51.947,49.947,20.947,24.947,29.947,7.9475,14.948,69.948,42.947,-7.0525,-7.0525,-47.053,25.947,56.947,42.947,61.947,100.95,46.947,-6.0525,0.9475,25.947,20.947,32.947,4.9475,31.947,6.9475,13.948,56.947,34.947,46.947,57.947,16.947,-12.053,-9.0525,-49.053,-41.053,-24.053,-34.053,-41.053,-55.053,-85.052,-75.052,-61.053,-12.053,-42.053,-58.053,-34.053,-83.052,-47.053,-98.052,-76.052,-47.053,-76.052,-64.052,-15.053,-7.0525,-40.053,23.947,-21.053,-48.053,-84.052,-41.053,-96.052,-32.053,-27.053,-26.053,58.947,17.947,43.947,27.947,28.947,8.9475,-42.053,-47.053,-49.053,-34.053,-24.053,-34.053,-25.053,-36.053,-18.053,-24.053,2.9475,-4.0525,-13.053,-1.0525,6.9475,25.947,32.947,40.947,36.947,30.947,24.947,27.947,27.947,11.948,-12.053,2.9475,10.948,10.948,-26.053,-38.053,-32.053,-47.053,-50.053,-36.053,-32.053,-54.053,-59.053,-33.053,-15.053,-12.053,-3.0525,-14.053,-30.053,-40.053,-46.053,-38.053,-34.053,-38.053,-36.053,-27.053,-27.053,-42.053,-32.053,-36.053,-41.053,-51.053,-50.053,-55.053,-40.053,-54.053,-55.053,-46.053,-24.053,-20.053,-16.053,-25.053,-21.053,-19.053,-10.053,-15.053,-19.053,-27.053,-48.053,-68.052,-57.053,-38.053,-28.053,-4.0525,9.9475,19.947,31.947,18.947,0.9475,-10.053,-16.053,-21.053,-26.053,-11.053,1.9475,17.947,21.947,15.948,18.947,31.947,37.947,39.947,42.947,34.947,24.947,23.947,27.947,31.947,37.947,38.947,41.947,49.947,46.947,33.947,31.947,40.947,32.947,4.9475,2.9475,15.948,25.947,21.947,28.947,42.947,54.947,53.947,69.948,81.948,80.948,69.948,58.947,47.947,38.947
