-0.995,-1.995,16.005,30.005,12.005,-1.995,10.005,34.005,27.005,-5.995,-14.995,-0.995,4.005,-16.995,-10.995,4.005,23.005,30.005,33.005,26.005,15.005,18.005,23.005,16.005,-1.995,-10.995,-14.995,-8.995,-8.995,-25.995,-37.995,-6.995,30.005,21.005,1.005,-19.995,-45.995,-43.995,-22.995,-22.995,-39.995,-40.995,-41.995,-48.995,-55.995,-48.995,-31.995,-24.995,-28.995,-22.995,-20.995,-30.995,-52.995,-64.995,-44.995,-30.995,-34.995,-34.995,-24.995,-21.995,-47.995,-54.995,-20.995,-0.995,7.005,-13.995,-25.995,-24.995,-28.995,-63.995,-74.995,-62.995,-54.995,-57.995,-72.995,-55.995,-28.995,-9.995,-11.995,-35.995,-57.995,-46.995,-33.995,-19.995,-18.995,-22.995,-17.995,-32.995,-25.995,-34.995,-27.995,-25.995,-31.995,-45.995,-22.995,-19.995,-6.995,-6.995,-5.995,-20.995,-23.995,-14.995,5.005,8.005,18.005,5.005,-17.995,-32.995,-12.995,-6.995,-9.995,0.005,-14.995,-24.995,-18.995,-3.995,-5.995,9.005,-19.995,-44.995,-40.995,-17.995,-10.995,-13.995,-10.995,-4.995,-3.995,-8.995,-14.995,-2.995,15.005,12.005,5.005,17.005,23.005,24.005,15.005,-4.995,-6.995,3.005,-3.995,-0.995,-7.995,-3.995,14.005,40.005,57.005,52.005,54.005,59.005,46.005,46.005,34.005,9.005,-3.995,-9.995,-6.995,-12.995,-17.995,-20.995,-35.995,-46.995,-38.995,-37.995,-23.995,-34.995,-33.995,-23.995,-40.995,-28.995,-16.995,-24.995,-27.995,-36.995,-12.995,13.005,-10.995,-7.995,7.005,-3.995,-10.995,-2.995,-30.995,-49.995,-45.995,-51.995,-51.995,-46.995,-36.995,-28.995,-10.995,-3.995,-4.995,8.005,16.005,6.005,-0.995,9.005,15.005,15.005,25.005,14.005,6.005,-14.995,-13.995,-1.995,-0.995,-5.995,-13.995,-25.995,-38.995,-32.995,-4.995,26.005,34.005,16.005,-11.995,-20.995,-6.995,-11.995,-19.995,-19.995,-18.995,-9.995,-17.995,-8.995,3.005,14.005,9.005,16.005,13.005,1.005,-21.995,-20.995,-14.995,-14.995,-31.995,-14.995,-5.995,-8.995,-9.995,-12.995,-10.995,-7.995,1.005,6.005,15.005,28.005,15.005,-13.995,-17.995,17.005,34.005,23.005,1.005,-0.995,2.005,-9.995,-9.995,-13.995,-25.995,-39.995,-49.995,-37.995,-6.995,-11.995,-13.995,-13.995,-27.995,-51.995,-43.995,5.005,-10.995,-36.995,-31.995,-11.995,-0.995,-0.995,17.005,22.005,5.005,7.005,11.005,-0.995,-9.995,-16.995,-17.995,-6.995,10.005,12.005,2.005,-7.995,-17.995,-14.995,-6.995,4.005,-6.995,-25.995,-49.995,-41.995,-20.995,-12.995,-22.995,-40.995,-56.995,-35.995,-5.995,0.005,-4.995,-3.995,-0.995,12.005,3.005,-15.995,7.005,20.005,3.005,-5.995,-23.995,-41.995,-37.995,-19.995,7.005,16.005,-18.995,-37.995,-48.995,-48.995,-19.995,-17.995,-23.995,-33.995,-21.995,-13.995,-7.995,-1.995,-3.995,-32.995,-35.995,-38.995,-61.995,-71.995,-80.995,-94.995,-69.995,-48.995,-25.995,-5.995,-2.995,-2.995,-4.995,-16.995,-39.995,-23.995,-2.995,6.005,138.01,140.01,157.01,142.01,129.01,143.01,143.01,143.01,141.01,153.01,168.01,185.01,176.01,142.01,93.005,70.005,61.005,60.005,61.005,49.005,63.005,86.005,107.01,110.01,105.01,92.005,82.005,104.01,95.005,103.01,115.01,103.01,79.005,65.005,88.005,92.005,92.005,95.005,99.005,100.01,89.005,80.005,75.005,80.005
-79.49,-62.49,-53.49,-49.49,-48.49,-45.49,-36.49,-31.49,-25.49,-7.49,-7.49,-20.49,-29.49,-15.49,-1.49,-4.49,0.51,2.51,-4.49,-14.49,-8.49,-7.49,-11.49,-20.49,-25.49,-22.49,-23.49,-28.49,-23.49,-15.49,-0.49,13.51,6.51,6.51,13.51,5.51,13.51,19.51,33.51,40.51,31.51,15.51,2.51,-3.49,-4.49,-11.49,-23.49,-10.49,-0.49,1.51,9.51,17.51,7.51,3.51,16.51,21.51,19.51,3.51,-3.49,-11.49,-8.49,-1.49,15.51,13.51,30.51,38.51,44.51,47.51,49.51,61.51,63.51,46.51,36.51,27.51,22.51,17.51,11.51,23.51,36.51,34.51,46.51,45.51,28.51,13.51,-0.49,-21.49,-43.49,-36.49,-15.49,6.51,17.51,4.51,6.51,26.51,33.51,43.51,38.51,28.51,27.51,48.51,58.51,56.51,37.51,19.51,13.51,3.51,-8.49,-9.49,-11.49,-0.49,13.51,2.51,-14.49,-8.49,4.51,16.51,16.51,17.51,21.51,20.51,11.51,7.51,-5.49,-11.49,-17.49,-5.49,-0.49,8.51,4.51,-5.49,-14.49,-10.49,-1.49,11.51,28.51,25.51,13.51,12.51,19.51,26.51,26.51,30.51,22.51,14.51,3.51,-5.49,-14.49,-24.49,-30.49,-32.49,-8.49,-4.49,-10.49,-8.49,-11.49,-11.49,-13.49,-3.49,6.51,8.51,-0.49,-17.49,-19.49,-31.49,-34.49,-25.49,-12.49,2.51,22.51,23.51,-4.49,-1.49,6.51,-8.49,-4.49,-0.49,-1.49,-6.49,-13.49,-15.49,-19.49,-29.49,-39.49,-28.49,-0.49,13.51,25.51,38.51,25.51,20.51,27.51,24.51,6.51,-4.49,13.51,39.51,43.51,38.51,31.51,22.51,0.51,5.51,17.51,8.51,-5.49,-13.49,-22.49,-13.49,4.51,10.51,5.51,4.51,9.51,9.51,14.51,30.51,41.51,30.51,28.51,3.51,-11.49,-7.49,-1.49,4.51,-5.49,-21.49,-17.49,-15.49,-14.49,-22.49,-26.49,-14.49,-12.49,-9.49,-3.49,-11.49,-9.49,-6.49,0.51,9.51,8.51,4.51,4.51,0.51,3.51,3.51,1.51,-4.49,-12.49,-25.49,-25.49,-16.49,-5.49,4.51,8.51,-3.49,-14.49,-30.49,-44.49,-49.49,-49.49,-48.49,-52.49,-49.49,-55.49,-43.49,-26.49,-11.49,-14.49,-6.49,-2.49,7.51,3.51,-4.49,-0.49,13.51,26.51,36.51,26.51,18.51,13.51,8.51,16.51,11.51,12.51,-1.49,-33.49,-45.49,-53.49,-43.49,-20.49,-9.49,-5.49,-1.49,6.51,1.51,6.51,-12.49,-45.49,-51.49,-36.49,-19.49,-8.49,-10.49,0.51,3.51,-6.49,-15.49,-34.49,-45.49,-39.49,-20.49,-15.49,-22.49,-32.49,-35.49,-27.49,-23.49,-17.49,-0.49,31.51,46.51,46.51,29.51,5.51,-0.49,14.51,14.51,-2.49,-8.49,-14.49,-17.49,-12.49,11.51,31.51,43.51,24.51,0.51,-6.49,11.51,16.51,14.51,9.51,1.51,-2.49,-8.49,-18.49,-16.49,-6.49,-5.49,-7.49,-18.49,-25.49,-38.49,-41.49,-21.49,-50.49,-45.49,-44.49,-49.49,-30.49,-19.49,-25.49,-27.49,-17.49,4.51,6.51,2.51,4.51,17.51,27.51,14.51,6.51,-11.49,-44.49,-40.49,-28.49,-5.49,-5.49,-5.49,-9.49,-9.49,8.51,30.51,40.51,46.51,51.51,51.51,52.51,51.51,49.51,44.51,27.51,8.51,9.51,18.51,23.51,28.51,31.51,31.51
-17.475,-23.475,-25.475,-14.475,-14.475,-28.475,-20.475,-5.475,4.525,11.525,3.525,-6.475,-14.475,-25.475,-21.475,-8.475,-9.475,-10.475,-17.475,-8.475,-7.475,-18.475,-29.475,-9.475,3.525,8.525,1.525,-1.475,-12.475,-6.475,-1.475,-16.475,-24.475,-11.475,4.525,10.525,4.525,-12.475,-16.475,-4.475,-3.475,6.525,17.525,9.525,-12.475,-16.475,0.525,46.525,60.525,35.525,13.525,12.525,-2.475,-19.475,-13.475,-20.475,-35.475,-21.475,6.525,9.525,3.525,-1.475,10.525,21.525,34.525,49.525,61.525,35.525,21.525,24.525,35.525,8.525,5.525,17.525,29.525,28.525,29.525,49.525,49.525,37.525,42.525,63.525,51.525,18.525,3.525,9.525,21.525,42.525,20.525,-20.475,-40.475,-25.475,-2.475,22.525,27.525,25.525,22.525,12.525,-2.475,-19.475,-9.475,31.525,29.525,13.525,26.525,47.525,52.525,54.525,41.525,10.525,12.525,21.525,40.525,35.525,11.525,-14.475,-17.475,16.525,19.525,8.525,-12.475,-34.475,-59.475,-59.475,-43.475,-33.475,-32.475,-28.475,-29.475,-26.475,-11.475,15.525,29.525,16.525,12.525,19.525,46.525,46.525,28.525,6.525,12.525,24.525,14.525,9.525,17.525,-12.475,-28.475,-11.475,-8.475,-35.475,-43.475,-31.475,-21.475,-4.475,-2.475,6.525,15.525,29.525,33.525,31.525,40.525,52.525,64.525,60.525,63.525,62.525,52.525,33.525,12.525,1.525,2.525,27.525,38.525,24.525,-0.475,-1.475,-10.475,-28.475,-24.475,-13.475,-16.475,-23.475,-16.475,6.525,30.525,26.525,0.525,-5.475,15.525,46.525,51.525,35.525,9.525,5.525,17.525,25.525,12.525,19.525,6.525,-9.475,-11.475,1.525,1.525,10.525,23.525,26.525,23.525,26.525,18.525,9.525,1.525,-9.475,3.525,12.525,11.525,7.525,-1.475,-3.475,-0.475,-17.475,-20.475,-8.475,0.525,-2.475,-10.475,-12.475,8.525,30.525,35.525,36.525,36.525,3.525,-17.475,6.525,48.525,64.525,46.525,22.525,5.525,6.525,3.525,-0.475,20.525,23.525,4.525,-3.475,4.525,12.525,9.525,5.525,13.525,30.525,48.525,37.525,24.525,30.525,40.525,44.525,50.525,41.525,9.525,-16.475,-17.475,3.525,7.525,10.525,13.525,8.525,1.525,-19.475,-35.475,-34.475,-23.475,-8.475,2.525,9.525,13.525,9.525,-2.475,-4.475,-4.475,-22.475,-16.475,8.525,11.525,-17.475,-38.475,-56.475,-63.475,-48.475,-29.475,-23.475,-12.475,-14.475,-19.475,-16.475,-26.475,-41.475,-53.475,-50.475,-30.475,-20.475,-16.475,-5.475,-1.475,-12.475,-16.475,-14.475,-18.475,-28.475,-23.475,-21.475,-21.475,-5.475,-9.475,-6.475,5.525,14.525,18.525,22.525,28.525,40.525,55.525,43.525,23.525,3.525,-1.475,-11.475,-16.475,-22.475,-25.475,-7.475,1.525,12.525,24.525,33.525,23.525,22.525,21.525,23.525,28.525,27.525,19.525,29.525,30.525,23.525,3.525,-16.475,-19.475,-4.475,-0.475,4.525,7.525,15.525,15.525,27.525,-107.47,-84.475,-71.475,-69.475,-61.475,-37.475,-30.475,-29.475,-25.475,-31.475,-38.475,-33.475,-27.475,-24.475,-23.475,-42.475,-55.475,-58.475,-61.475,-53.475,-46.475,-38.475,-51.475,-52.475,-45.475,-41.475,-44.475,-42.475,-22.475,-8.475,-21.475,-44.475,-42.475,-32.475,-23.475,-15.475,-32.475,-62.475,-66.475,-64.475,-59.475,-59.475,-59.475,-61.475
21.918,-5.0825,-1.0825,35.918,33.918,-4.0825,-22.083,-8.0825,2.9175,21.918,24.918,26.918,19.918,4.9175,-3.0825,-3.0825,25.918,45.918,33.918,19.918,28.918,59.918,75.918,58.918,21.918,-0.0825,17.918,22.918,-20.083,-45.082,-59.082,-54.082,-57.082,-58.082,-54.082,-45.082,-40.082,-38.082,-44.082,-26.083,-7.0825,-0.0825,-4.0825,-15.083,-20.083,-5.0825,-2.0825,-2.0825,-7.0825,-6.0825,-7.0825,-4.0825,-5.0825,-2.0825,-10.083,0.9175,6.9175,27.918,19.918,-5.0825,-4.0825,-3.0825,-15.083,-21.083,1.9175,19.918,14.918,-15.083,-35.082,-29.083,-12.083,1.9175,-0.0825,-16.083,-17.083,-26.083,-15.083,16.918,36.918,36.918,36.918,10.918,4.9175,8.9175,12.918,16.918,13.918,-11.083,-28.083,-23.083,1.9175,32.918,18.918,-48.082,-56.082,-2.0825,24.918,32.918,20.918,-4.0825,2.9175,38.918,55.918,29.918,-18.083,-30.083,-25.083,-0.0825,-16.083,-18.083,-16.083,-30.083,-39.082,-5.0825,16.918,-16.083,-42.082,-30.083,-38.082,-40.082,-32.082,-20.083,-15.083,-0.0825,2.9175,-1.0825,6.9175,30.918,34.918,30.918,43.918,40.918,29.918,24.918,14.918,18.918,15.918,-21.083,-47.082,-36.082,-15.083,-15.083,-7.0825,9.9175,-34.082,-58.082,-43.082,-35.082,-16.083,15.918,28.918,16.918,-10.083,-18.083,-17.083,-27.083,-14.083,1.9175,12.918,-3.0825,-10.083,18.918,56.918,33.918,-13.083,-13.083,25.918,32.918,10.918,-11.083,-7.0825,16.918,22.918,9.9175,1.9175,-12.083,-8.0825,-4.0825,-9.0825,-15.083,-0.0825,14.918,8.9175,2.9175,21.918,31.918,42.918,42.918,26.918,19.918,15.918,6.9175,-6.0825,8.9175,39.918,45.918,24.918,-17.083,-27.083,-28.083,-44.082,-33.082,-14.083,-1.0825,7.9175,-3.0825,-4.0825,-16.083,-28.083,-18.083,-0.0825,9.9175,-11.083,-20.083,-21.083,-16.083,2.9175,21.918,35.918,19.918,-3.0825,0.9175,30.918,33.918,23.918,7.9175,15.918,26.918,45.918,46.918,26.918,12.918,27.918,39.918,36.918,32.918,22.918,22.918,29.918,22.918,-1.0825,-8.0825,17.918,22.918,15.918,17.918,25.918,39.918,29.918,43.918,60.918,38.918,19.918,25.918,35.918,35.918,14.918,-1.0825,-14.083,-19.083,-8.0825,13.918,18.918,8.9175,3.9175,17.918,46.918,56.918,38.918,43.918,47.918,45.918,25.918,13.918,18.918,32.918,45.918,35.918,12.918,-6.0825,15.918,43.918,47.918,39.918,15.918,3.9175,16.918,23.918,27.918,13.918,-29.083,-53.082,-55.082,-25.083,-7.0825,-5.0825,-4.0825,-2.0825,-8.0825,-17.083,-9.0825,-3.0825,8.9175,11.918,3.9175,4.9175,15.918,21.918,17.918,24.918,21.918,-4.0825,-16.083,-16.083,-10.083,3.9175,27.918,49.918,57.918,50.918,42.918,41.918,35.918,15.918,5.9175,15.918,11.918,-19.083,-30.083,-22.083,-2.0825,19.918,13.918,-8.0825,-7.0825,31.918,30.918,17.918,17.918,24.918,37.918,47.918,46.918,18.918,-18.083,-37.082,-23.083,-0.0825,4.9175,-4.0825,3.9175,20.918,27.918,18.918,4.9175,-5.0825,-6.0825,-12.083,3.9175,35.918,44.918,22.918,-6.0825,-12.083,0.9175,9.9175,5.9175,-3.0825,-24.083,-47.082,-68.082,-79.082,-80.082,-83.082,-90.082,-79.082,-77.082,-84.082,-86.082,-96.082,-92.082,-83.082,-87.082,-87.082,-69.082,-50.082,-46.082,-59.082,-75.082,-61.082,-56.082,-43.082,-32.082,-44.082,-62.082,-83.082,-76.082,-63.082,-42.082,-7.0825
-6.5175,-8.5175,0.4825,-18.517,-25.517,-11.518,-4.5175,-8.5175,3.4825,19.483,9.4825,-13.518,-8.5175,11.483,8.4825,-3.5175,31.483,46.483,37.483,33.483,28.483,27.483,41.483,50.483,21.483,-2.5175,21.483,21.483,6.4825,3.4825,-4.5175,-12.518,-9.5175,-13.518,-19.517,-26.517,-19.517,-4.5175,25.483,45.483,34.483,31.483,31.483,30.483,36.483,49.483,54.483,46.483,38.483,23.483,14.483,-4.5175,-11.518,-12.518,-3.5175,4.4825,1.4825,9.4825,9.4825,8.4825,1.4825,-6.5175,-20.517,-12.518,-22.517,-57.517,-51.517,-38.517,-33.517,-22.517,-13.518,-6.5175,-10.518,-14.518,-42.517,-61.517,-59.517,-35.517,-28.517,-24.517,-31.517,-53.517,-50.517,-48.517,-59.517,-59.517,-63.517,-60.517,-24.517,-6.5175,-4.5175,-19.517,-22.517,-7.5175,-2.5175,-15.518,-7.5175,7.4825,22.483,35.483,38.483,25.483,-1.5175,-17.517,-3.5175,6.4825,2.4825,17.483,34.483,35.483,17.483,33.483,34.483,-1.5175,-14.518,-3.5175,7.4825,-12.518,-13.518,17.483,4.4825,-19.517,-35.517,-31.517,-5.5175,16.483,1.4825,-1.5175,7.4825,10.483,-11.518,-24.517,-27.517,3.4825,49.483,63.483,58.483,62.483,62.483,82.483,87.483,64.483,47.483,30.483,22.483,5.4825,16.483,29.483,19.483,17.483,15.483,18.483,30.483,28.483,22.483,29.483,21.483,16.483,-5.5175,10.483,31.483,-3.5175,-6.5175,18.483,39.483,25.483,14.483,-3.5175,-8.5175,-3.5175,25.483,38.483,34.483,27.483,40.483,55.483,59.483,60.483,55.483,51.483,43.483,36.483,33.483,25.483,47.483,52.483,50.483,48.483,29.483,17.483,1.4825,11.483,37.483,45.483,39.483,18.483,8.4825,-1.5175,-23.517,-33.517,-23.517,-6.5175,8.4825,-4.5175,-26.517,-54.517,-59.517,-45.517,-23.517,-17.517,-25.517,-27.517,-16.517,-12.518,-25.517,-39.517,-50.517,-25.517,5.4825,2.4825,3.4825,17.483,17.483,6.4825,-6.5175,-15.518,-23.517,-27.517,-22.517,-9.5175,-8.5175,-16.517,-22.517,-24.517,-20.517,-1.5175,-7.5175,-28.517,-57.517,-67.517,-55.517,-33.517,-13.518,-5.5175,3.4825,12.483,21.483,-3.5175,-29.517,-62.517,-62.517,-63.517,-75.517,-79.517,-62.517,-34.517,-14.518,-14.518,-4.5175,-8.5175,-15.518,-33.517,-47.517,-14.518,6.4825,5.4825,10.483,12.483,17.483,19.483,22.483,22.483,4.4825,-14.518,-20.517,-24.517,-20.517,1.4825,14.483,22.483,-2.5175,-27.517,-51.517,-49.517,-55.517,-54.517,-59.517,-53.517,-53.517,-44.517,-36.517,-43.517,-53.517,-40.517,-30.517,2.4825,27.483,25.483,18.483,20.483,38.483,39.483,43.483,44.483,27.483,0.4825,9.4825,0.4825,-5.5175,-7.5175,4.4825,-5.5175,-2.5175,-20.517,-17.517,-23.517,-26.517,-24.517,-17.517,-20.517,-58.517,-74.517,-55.517,-22.517,1.4825,-8.5175,-16.517,-0.5175,9.4825,-14.518,-37.517,-39.517,-24.517,3.4825,-7.5175,-14.518,-30.517,-37.517,-23.517,-17.517,-26.517,-16.517,-13.518,-30.517,-48.517,-42.517,-30.517,-10.518,1.4825,1.4825,10.483,1.4825,-10.518,-11.518,-4.5175,-2.5175,31.483,44.483,42.483,38.483,36.483,27.483,14.483,18.483,30.483,26.483,24.483,30.483,39.483,40.483,26.483,13.483,-2.5175,-12.518,4.4825,19.483,12.483,12.483,14.483,1.4825,-10.518,-2.5175,12.483,39.483,64.483,65.483,57.483,35.483,21.483,3.4825,-0.5175,2.4825,6.4825,-3.5175,-3.5175,1.4825,17.483,31.483,42.483,42.483
-36.252,-25.252,-16.252,-0.2525,65.748,51.748,11.748,2.7475,4.7475,-11.252,-60.252,-86.252,-78.252,-67.252,-49.252,-41.252,-17.252,1.7475,14.748,26.748,32.748,24.748,23.748,16.748,16.748,20.748,17.748,12.748,-10.252,-49.252,-31.252,-12.252,-10.252,-13.252,-37.252,-38.252,-23.252,4.7475,3.7475,-34.252,-45.252,-44.252,-36.252,-40.252,-43.252,-34.252,-26.252,-21.252,3.7475,13.748,22.748,29.748,14.748,7.7475,-7.2525,-12.252,-26.252,-47.252,-64.252,-38.252,-20.252,-2.2525,-10.252,-25.252,-42.252,-31.252,-6.2525,-3.2525,16.748,24.748,21.748,8.7475,-7.2525,-13.252,-18.252,-16.252,-14.252,-36.252,-43.252,-42.252,-32.252,-20.252,-30.252,-52.252,-57.252,-51.252,-39.252,-45.252,-54.252,-57.252,-42.252,-39.252,-25.252,-29.252,-58.252,-63.252,-31.252,1.7475,19.748,34.748,26.748,31.748,38.748,15.748,-19.252,-12.252,-2.2525,-11.252,-16.252,-22.252,-21.252,-15.252,-2.2525,4.7475,11.748,14.748,13.748,12.748,24.748,27.748,24.748,34.748,41.748,40.748,35.748,45.748,68.748,43.748,-4.2525,-14.252,7.7475,30.748,42.748,56.748,62.748,26.748,3.7475,23.748,37.748,30.748,17.748,-8.2525,-59.252,-75.252,-57.252,-22.252,-1.2525,-5.2525,-38.252,-45.252,-66.252,-68.252,-80.252,-85.252,-75.252,-84.252,-50.252,-23.252,-2.2525,23.748,51.748,23.748,-19.252,-72.252,-83.252,-57.252,-18.252,16.748,29.748,-14.252,-21.252,-11.252,-21.252,-30.252,-60.252,-71.252,-46.252,-28.252,-15.252,-24.252,-29.252,-15.252,-17.252,-17.252,3.7475,5.7475,6.7475,0.7475,-15.252,-16.252,-10.252,17.748,19.748,10.748,0.7475,-2.2525,18.748,29.748,16.748,15.748,22.748,49.748,56.748,46.748,45.748,80.748,87.748,73.748,30.748,4.7475,-0.2525,-3.2525,5.7475,8.7475,15.748,44.748,58.748,53.748,35.748,39.748,37.748,30.748,30.748,36.748,62.748,69.748,46.748,-8.2525,-35.252,-30.252,-1.2525,30.748,15.748,-2.2525,-2.2525,-4.2525,-7.2525,17.748,44.748,48.748,43.748,33.748,46.748,45.748,41.748,-7.2525,-41.252,-37.252,-29.252,-31.252,-48.252,-31.252,-33.252,-41.252,-22.252,-33.252,-33.252,-18.252,-7.2525,-18.252,-5.2525,3.7475,8.7475,17.748,7.7475,9.7475,4.7475,3.7475,7.7475,4.7475,5.7475,-6.2525,-10.252,-11.252,-0.2525,-0.2525,-1.2525,-21.252,-53.252,-62.252,-83.252,-83.252,-87.252,-83.252,-77.252,-46.252,-21.252,0.7475,17.748,26.748,-13.252,-57.252,-54.252,-43.252,-39.252,-34.252,-22.252,-36.252,-20.252,-13.252,-0.2525,30.748,45.748,46.748,38.748,13.748,-13.252,-31.252,-56.252,-79.252,-95.252,-90.252,-53.252,-28.252,-31.252,-51.252,-54.252,-40.252,-29.252,-18.252,-9.2525,-25.252,-29.252,-25.252,-1.2525,20.748,14.748,-1.2525,-5.2525,0.7475,4.7475,4.7475,5.7475,27.748,15.748,2.7475,-9.2525,-8.2525,-18.252,-25.252,-36.252,-51.252,-49.252,-42.252,-33.252,-13.252,10.748,14.748,40.748,58.748,31.748,2.7475,9.7475,30.748,44.748,21.748,116.75,79.748,66.748,80.748,80.748,85.748,86.748,83.748,77.748,62.748,55.748,52.748,57.748,66.748,69.748,67.748,64.748,59.748,57.748,45.748,39.748,36.748,28.748,25.748,24.748,25.748,31.748,49.748,73.748,101.75,105.75,85.748,61.748,49.748,29.748,47.748,75.748,88.748,75.748,59.748,34.748,37.748,41.748,41.748
59.612,81.612,89.612,110.61,119.61,134.61,113.61,93.612,56.612,23.613,-6.3875,-39.388,-91.388,-83.388,-60.388,-48.388,-89.388,-126.39,-109.39,-86.388,-56.388,-31.387,-13.387,5.6125,26.613,18.613,-18.387,-55.388,-58.388,-44.388,-0.3875,0.6125,-7.3875,0.6125,8.6125,37.612,68.612,57.612,38.612,42.612,75.612,77.612,43.612,49.612,62.612,43.612,40.612,39.612,6.6125,-21.387,1.6125,22.613,20.613,32.612,22.613,7.6125,30.613,35.612,8.6125,-13.387,-20.387,-29.387,-69.388,-95.388,-73.388,-38.388,-32.388,-17.387,11.613,18.613,29.613,44.612,40.612,36.612,34.612,7.6125,-2.3875,8.6125,19.613,33.612,36.612,35.612,88.612,126.61,140.61,115.61,77.612,84.612,104.61,106.61,105.61,62.612,26.613,25.613,-20.387,-65.388,-41.388,-11.387,-27.387,-25.387,6.6125,-46.388,-106.39,-45.388,-22.387,-37.388,-34.388,-33.388,-27.387,-4.3875,1.6125,25.613,51.612,56.612,53.612,55.612,86.612,91.612,95.612,131.61,111.61,75.612,72.612,72.612,63.612,31.613,-1.3875,-9.3875,-6.3875,-28.387,-55.388,-70.388,-45.388,-22.387,-23.387,-51.388,-62.388,-78.388,-99.388,-101.39,-81.388,-72.388,-61.388,-48.388,-58.388,-95.388,-120.39,-87.388,-35.388,-5.3875,7.6125,-9.3875,-6.3875,-14.387,-20.387,-45.388,-55.388,-62.388,-50.388,-20.387,13.613,1.6125,-33.388,-49.388,-24.387,6.6125,12.613,12.613,6.6125,16.613,36.612,41.612,24.613,28.613,47.612,80.612,89.612,65.612,41.612,44.612,52.612,31.613,42.612,52.612,45.612,58.612,56.612,30.613,38.612,38.612,11.613,13.613,-1.3875,-59.388,-74.388,-20.387,-30.387,-39.388,-5.3875,37.612,33.612,-5.3875,-36.388,-5.3875,2.6125,-1.3875,4.6125,12.613,16.613,33.612,39.612,29.613,28.613,12.613,-10.387,-30.387,-51.388,-55.388,-54.388,-30.387,16.613,24.613,-10.387,-25.387,-27.387,-6.3875,20.613,28.613,22.613,0.6125,-22.387,-21.387,3.6125,5.6125,-28.387,-64.388,-64.388,-50.388,-49.388,-36.388,-41.388,-43.388,-47.388,-52.388,-54.388,-48.388,-45.388,-31.387,2.6125,-3.3875,-33.388,-44.388,-44.388,-47.388,-55.388,-50.388,-61.388,-62.388,-56.388,-19.387,6.6125,-18.387,-91.388,-124.39,-108.39,-81.388,-52.388,-33.388,-16.387,-0.3875,21.613,41.612,32.612,15.613,7.6125,-14.387,-61.388,-70.388,-60.388,-70.388,-77.388,-83.388,-65.388,-29.387,-16.387,-33.388,-43.388,-49.388,-42.388,-34.388,-18.387,-12.387,-8.3875,-33.388,-77.388,-68.388,-44.388,-25.387,-22.387,-12.387,4.6125,14.613,15.613,-8.3875,-23.387,21.613,78.612,68.612,30.613,-20.387,-48.388,-32.388,-34.388,-44.388,-46.388,-54.388,-46.388,-43.388,-46.388,-33.388,-29.387,-7.3875,9.6125,28.613,56.612,67.612,68.612,59.612,38.612,19.613,21.613,8.6125,-2.3875,-12.387,-19.387,-5.3875,33.612,61.612,59.612,50.612,47.612,29.613,29.613,37.612,49.612,39.612,9.6125,-5.3875,7.6125,22.613,24.613,44.612,49.612,25.613,-3.3875,-13.387,38.612,56.612,51.612,15.613,21.613,26.613,5.6125,2.6125,-1.3875,-28.387,-19.387,-10.387,-20.387,-20.387,2.6125,16.613,-3.3875,-7.3875,-1.3875,-11.387,-14.387,-7.3875,20.613,49.612,58.612,59.612,54.612,48.612,51.612,47.612,38.612,38.612,23.613,5.6125,-7.3875,-23.387,-38.388,-29.387,-21.387,-5.3875,0.6125,8.6125,23.613,35.612
16.288,-12.713,-44.712,-48.712,-54.712,-58.712,-51.712,-55.712,-43.712,1.2875,56.288,76.287,92.287,54.288,2.2875,-15.713,-11.713,12.288,38.288,40.288,18.288,22.288,30.288,22.288,-11.713,-28.712,-14.713,11.288,35.288,51.288,21.288,-14.713,-14.713,-33.712,-45.712,-34.712,-26.712,-24.712,-22.712,-10.713,-24.712,-32.712,-61.712,-56.712,-59.712,-65.713,-59.712,-40.712,-27.712,-8.7125,-3.7125,-17.712,-14.713,2.2875,-2.7125,-10.713,-29.712,-34.712,2.2875,25.288,40.288,18.288,7.2875,23.288,36.288,58.288,67.287,38.288,-22.712,-64.713,-71.713,-62.712,-50.712,-45.712,-50.712,-62.712,-89.713,-107.71,-93.713,-69.713,-77.713,-89.713,-82.713,-63.712,-63.712,-81.713,-77.713,-77.713,-103.71,-120.71,-102.71,-45.712,-67.713,-75.713,-42.712,-15.713,-23.712,-37.712,-20.712,-14.713,-21.712,-9.7125,-5.7125,-31.712,-9.7125,17.288,19.288,-25.712,-37.712,-25.712,-41.712,-44.712,-37.712,-25.712,-49.712,-57.712,-34.712,-8.7125,-37.712,-71.713,-57.712,-37.712,-25.712,-41.712,-68.713,-60.712,-41.712,-19.712,-18.712,-6.7125,12.288,26.288,28.288,17.288,-14.713,-3.7125,2.2875,-15.713,-40.712,-62.712,-57.712,-27.712,19.288,30.288,26.288,16.288,5.2875,1.2875,-12.713,-5.7125,-3.7125,-7.7125,-24.712,-3.7125,29.288,36.288,19.288,26.288,18.288,-35.712,-8.7125,60.288,89.287,64.287,48.288,51.288,68.287,63.288,54.288,57.288,67.287,80.287,27.288,-25.712,-27.712,-10.713,19.288,6.2875,-18.712,-49.712,-45.712,-39.712,-54.712,-64.713,-23.712,-3.7125,-16.712,-34.712,-19.712,-9.7125,-9.7125,1.2875,27.288,37.288,27.288,-11.713,-30.712,-27.712,-32.712,-70.713,-33.712,18.288,49.288,32.288,7.2875,14.288,19.288,0.2875,8.2875,27.288,-1.7125,-34.712,-18.712,6.2875,15.288,-11.713,-64.713,-88.713,-93.713,-81.713,-46.712,-39.712,-30.712,-7.7125,-9.7125,-44.712,-54.712,-58.712,-36.712,-14.713,2.2875,36.288,52.288,12.288,-7.7125,16.288,11.288,10.288,16.288,16.288,31.288,46.288,35.288,18.288,4.2875,16.288,27.288,31.288,14.288,23.288,27.288,32.288,50.288,62.288,48.288,38.288,36.288,19.288,-6.7125,17.288,20.288,17.288,33.288,51.288,41.288,45.288,35.288,20.288,28.288,50.288,64.287,67.287,65.287,62.288,31.288,29.288,60.288,76.287,71.287,41.288,16.288,5.2875,21.288,21.288,-12.713,-14.713,27.288,43.288,26.288,-12.713,-16.712,5.2875,27.288,20.288,-8.7125,-40.712,-49.712,-20.712,25.288,29.288,-5.7125,-35.712,-34.712,-19.712,11.288,16.288,29.288,36.288,19.288,26.288,36.288,37.288,14.288,18.288,13.288,9.2875,-4.7125,-24.712,6.2875,42.288,58.288,31.288,-3.7125,-36.712,-23.712,-24.712,-20.712,-21.712,-41.712,-43.712,-16.712,7.2875,-3.7125,-14.713,-25.712,-33.712,-29.712,-30.712,-27.712,-24.712,-4.7125,17.288,32.288,22.288,-5.7125,-11.713,8.2875,14.288,-14.713,-36.712,-37.712,-13.713,13.288,21.288,27.288,35.288,-13.713,6.2875,12.288,3.2875,21.288,44.288,63.288,29.288,11.288,29.288,44.288,64.287,66.287,51.288,60.288,94.287,115.29,122.29,112.29,89.287,64.287,61.288,54.288,56.288,67.287,61.288,38.288,29.288,35.288,20.288,2.2875,8.2875,34.288,74.287,96.287,87.287,64.287,69.287,48.288,26.288,12.288,-20.712,-20.712,8.2875
-11.608,-14.608,14.392,36.392,42.392,35.392,-19.608,-90.608,-111.61,-60.608,3.3925,42.392,57.392,65.392,67.392,40.392,-5.6075,-22.608,-39.608,-48.608,-60.608,-56.608,-57.608,-42.608,-0.6075,35.392,25.392,1.3925,-3.6075,2.3925,-5.6075,4.3925,22.392,19.392,30.392,32.392,27.392,-7.6075,-43.608,-90.608,-86.608,-72.608,-83.608,-79.608,-58.608,-55.608,-56.608,-87.608,-95.608,-109.61,-142.61,-135.61,-100.61,-90.608,-95.608,-78.608,-52.608,-3.6075,38.392,49.392,37.392,24.392,0.3925,1.3925,-10.608,1.3925,-26.608,-30.608,-13.608,-2.6075,14.392,25.392,52.392,41.392,42.392,57.392,56.392,39.392,18.392,8.3925,-16.608,-21.608,-32.608,-46.608,-18.608,-21.608,-21.608,-15.608,-17.608,10.392,49.392,16.392,-2.6075,19.392,48.392,47.392,9.3925,-67.608,-99.608,-41.608,-13.608,-42.608,-14.608,13.392,-35.608,-50.608,-36.608,-19.608,-5.6075,14.392,34.392,22.392,12.392,48.392,86.392,72.392,39.392,8.3925,-0.6075,-13.608,-8.6075,24.392,59.392,66.392,50.392,40.392,38.392,44.392,69.392,76.392,42.392,53.392,56.392,44.392,23.392,-0.6075,1.3925,31.392,91.392,134.39,125.39,90.392,83.392,77.392,60.392,66.392,22.392,-10.608,-11.608,-16.608,-11.608,11.392,16.392,-4.6075,-11.608,2.3925,-15.608,-47.608,-50.608,-38.608,-43.608,-45.608,-31.608,-3.6075,-25.608,-88.608,-115.61,-116.61,-80.608,-39.608,-64.608,-114.61,-87.608,-29.608,-26.608,-41.608,-45.608,-24.608,-19.608,-21.608,14.392,32.392,8.3925,-39.608,-67.608,-58.608,-23.608,-1.6075,12.392,-10.608,-23.608,-26.608,-7.6075,3.3925,0.3925,-12.608,-25.608,-18.608,14.392,35.392,-13.608,-68.608,-68.608,-41.608,2.3925,10.392,21.392,4.3925,-15.608,-37.608,-38.608,-11.608,-6.6075,0.3925,14.392,18.392,31.392,44.392,21.392,13.392,10.392,11.392,17.392,29.392,33.392,25.392,-1.6075,-1.6075,2.3925,-0.6075,-20.608,-39.608,-38.608,-19.608,-0.6075,-1.6075,6.3925,4.3925,-53.608,-58.608,-21.608,-1.6075,17.392,42.392,37.392,2.3925,1.3925,17.392,26.392,57.392,58.392,9.3925,-26.608,-48.608,-21.608,-20.608,-3.6075,-2.6075,-37.608,-52.608,-22.608,3.3925,32.392,36.392,37.392,19.392,3.3925,-13.608,-27.608,-32.608,-48.608,-53.608,-40.608,-12.608,-15.608,-42.608,-64.608,-53.608,-30.608,-15.608,-21.608,-25.608,-16.608,-26.608,-13.608,10.392,48.392,58.392,53.392,24.392,23.392,68.392,71.392,50.392,35.392,17.392,26.392,44.392,30.392,14.392,13.392,16.392,1.3925,-9.6075,-11.608,-10.608,-17.608,22.392,76.392,96.392,110.39,107.39,106.39,116.39,98.392,88.392,87.392,98.392,79.392,33.392,-7.6075,0.3925,15.392,-3.6075,-17.608,6.3925,12.392,21.392,36.392,30.392,6.3925,-16.608,3.3925,34.392,61.392,65.392,68.392,37.392,5.3925,-23.608,-38.608,-18.608,2.3925,-1.6075,-25.608,-29.608,-31.608,-23.608,-29.608,-19.608,-15.608,-33.608,-44.608,-61.608,-73.608,-55.608,28.392,31.392,36.392,-23.608,-99.608,-85.608,-17.608,10.392,-21.608,-29.608,-59.608,-82.608,-68.608,-51.608,-38.608,-16.608,43.392,89.392,122.39,151.39,161.39,157.39,155.39,134.39,116.39,55.392,17.392,-26.608,-81.608,-120.61,-111.61,-49.608,-24.608,-20.608,-26.608,-40.608,11.392,34.392,56.392,62.392,55.392,17.392,5.3925,-0.6075
21.095,20.095,3.095,1.095,14.095,18.095,13.095,-5.905,-9.905,-12.905,-5.905,-1.905,-6.905,-9.905,-9.905,-0.905,10.095,16.095,10.095,10.095,14.095,25.095,31.095,27.095,18.095,32.095,48.095,56.095,43.095,22.095,12.095,12.095,5.095,0.095,-6.905,-5.905,-4.905,-16.905,-17.905,-6.905,-6.905,-15.905,-18.905,-6.905,1.095,2.095,-2.905,3.095,7.095,11.095,16.095,20.095,27.095,21.095,9.095,3.095,6.095,-0.905,-6.905,-4.905,0.095,5.095,6.095,1.095,-2.905,-11.905,3.095,31.095,30.095,12.095,16.095,25.095,24.095,14.095,15.095,20.095,18.095,19.095,18.095,13.095,19.095,31.095,31.095,32.095,29.095,24.095,15.095,1.095,-0.905,4.095,-4.905,-21.905,-22.905,-33.905,-31.905,-15.905,-12.905,-12.905,-18.905,-25.905,-24.905,-14.905,-12.905,-14.905,-6.905,-2.905,-3.905,8.095,25.095,28.095,26.095,21.095,22.095,17.095,25.095,30.095,24.095,9.095,-4.905,-20.905,-24.905,-11.905,-2.905,-12.905,-31.905,-32.905,-23.905,-32.905,-28.905,-14.905,-14.905,-24.905,-31.905,-38.905,-27.905,-11.905,-12.905,-2.905,-3.905,-6.905,-10.905,-13.905,-14.905,-16.905,-12.905,4.095,24.095,14.095,8.095,7.095,5.095,-8.905,-13.905,-8.905,4.095,14.095,6.095,0.095,-0.905,-9.905,-19.905,-15.905,-8.905,-4.905,-18.905,-10.905,-1.905,-4.905,-16.905,-27.905,-22.905,-10.905,-3.905,-12.905,-26.905,-24.905,-9.905,-1.905,-0.905,13.095,13.095,-0.905,5.095,10.095,13.095,0.095,-7.905,-6.905,-0.905,-9.905,-18.905,-15.905,-9.905,-1.905,-1.905,-11.905,-2.905,7.095,1.095,-4.905,0.095,1.095,-3.905,-12.905,-7.905,2.095,5.095,16.095,17.095,10.095,7.095,3.095,1.095,1.095,1.095,9.095,19.095,18.095,5.095,-7.905,-19.905,-16.905,-12.905,-11.905,-8.905,-10.905,-8.905,-7.905,-14.905,-6.905,-3.905,-13.905,-11.905,3.095,-2.905,-2.905,6.095,14.095,22.095,12.095,-1.905,-3.905,0.095,6.095,14.095,19.095,16.095,18.095,19.095,26.095,26.095,38.095,44.095,45.095,31.095,21.095,17.095,19.095,30.095,33.095,16.095,9.095,3.095,-2.905,4.095,10.095,12.095,13.095,10.095,2.095,-14.905,-32.905,-30.905,-26.905,-15.905,3.095,9.095,9.095,4.095,4.095,6.095,-6.905,-2.905,4.095,10.095,3.095,8.095,19.095,29.095,34.095,41.095,37.095,39.095,38.095,36.095,30.095,24.095,12.095,0.095,-3.905,-7.905,-2.905,10.095,16.095,14.095,7.095,8.095,10.095,13.095,30.095,38.095,41.095,27.095,10.095,1.095,2.095,-4.905,-14.905,-22.905,-27.905,-31.905,-20.905,-6.905,-6.905,-6.905,-9.905,-4.905,3.095,7.095,8.095,3.095,10.095,19.095,13.095,16.095,19.095,17.095,22.095,20.095,26.095,30.095,25.095,16.095,7.095,9.095,12.095,12.095,8.095,16.095,14.095,2.095,0.095,-2.905,-18.905,-31.905,-33.905,-18.905,-20.905,-25.905,-22.905,-25.905,-32.905,-34.905,-32.905,-33.905,-34.905,-28.905,-32.905,-39.905,-49.905,-43.905,-44.905,-40.905,-39.905,-38.905,-42.905,-34.905,-30.905,-30.905,-32.905,-22.905,-1.905,-3.905,-12.905,-26.905,-36.905,-36.905,-27.905,-19.905,-18.905,-13.905,-7.905,-6.905,-9.905,-13.905,-20.905,-21.905,-12.905,-4.905,-8.905
5.19,24.19,30.19,10.19,4.19,20.19,8.19,-12.81,-12.81,0.19,4.19,0.19,-12.81,-7.81,4.19,28.19,12.19,-4.81,3.19,-5.81,-24.81,-23.81,-28.81,-35.81,-26.81,3.19,13.19,24.19,36.19,28.19,37.19,71.19,61.19,36.19,24.19,15.19,12.19,24.19,35.19,46.19,44.19,16.19,19.19,36.19,57.19,44.19,26.19,21.19,25.19,31.19,41.19,31.19,19.19,-0.81,5.19,17.19,20.19,9.19,-2.81,5.19,22.19,20.19,10.19,9.19,9.19,-1.81,1.19,13.19,-0.81,8.19,17.19,13.19,-3.81,-25.81,-28.81,-16.81,6.19,1.19,-4.81,6.19,21.19,17.19,9.19,35.19,44.19,29.19,25.19,50.19,66.19,35.19,-8.81,-14.81,-2.81,18.19,40.19,57.19,37.19,15.19,23.19,8.19,-12.81,-16.81,-20.81,-1.81,19.19,44.19,43.19,38.19,22.19,27.19,23.19,14.19,29.19,9.19,-17.81,-10.81,-11.81,-22.81,-20.81,-1.81,15.19,22.19,17.19,27.19,7.19,-27.81,-45.81,-43.81,-34.81,-46.81,-50.81,-55.81,-49.81,-45.81,-58.81,-46.81,-30.81,-3.81,-9.81,-58.81,-63.81,-31.81,-19.81,-13.81,0.19,22.19,21.19,11.19,9.19,5.19,8.19,11.19,4.19,2.19,-2.81,-16.81,8.19,1.19,-11.81,-21.81,-38.81,-48.81,-38.81,-8.81,-0.81,-6.81,-23.81,-31.81,-28.81,-8.81,10.19,9.19,8.19,16.19,24.19,-4.81,-18.81,7.19,33.19,39.19,6.19,-7.81,12.19,19.19,-6.81,0.19,9.19,3.19,19.19,31.19,20.19,-25.81,-22.81,1.19,-10.81,-14.81,-11.81,-3.81,-7.81,11.19,35.19,32.19,13.19,5.19,11.19,27.19,32.19,20.19,-0.81,-17.81,-22.81,-37.81,-65.81,-48.81,-35.81,-30.81,-6.81,16.19,0.19,-18.81,-19.81,-4.81,1.19,-27.81,-30.81,-14.81,-20.81,-8.81,3.19,4.19,-3.81,7.19,36.19,52.19,47.19,50.19,44.19,36.19,40.19,41.19,44.19,32.19,7.19,-15.81,-16.81,7.19,21.19,14.19,-1.81,-1.81,7.19,-17.81,-19.81,7.19,26.19,40.19,40.19,32.19,47.19,56.19,41.19,36.19,37.19,25.19,-5.81,-18.81,-4.81,28.19,31.19,22.19,17.19,-17.81,-13.81,-6.81,-19.81,-8.81,12.19,15.19,21.19,20.19,36.19,43.19,39.19,38.19,51.19,35.19,1.19,-8.81,-5.81,13.19,21.19,2.19,10.19,32.19,43.19,-4.81,-27.81,-35.81,-10.81,-0.81,-0.81,-16.81,-53.81,-74.81,-51.81,-33.81,-31.81,-19.81,-6.81,-23.81,-41.81,-44.81,-33.81,-27.81,-30.81,-11.81,25.19,22.19,5.19,-6.81,-17.81,-18.81,-33.81,-21.81,-16.81,-13.81,-9.81,-5.81,-9.81,-11.81,4.19,10.19,-0.81,-12.81,-23.81,-30.81,-11.81,4.19,11.19,23.19,15.19,17.19,32.19,42.19,56.19,55.19,53.19,46.19,43.19,64.19,88.19,83.19,44.19,33.19,26.19,19.19,-40.81,-57.81,-57.81,-46.81,-34.81,-51.81,-74.81,-101.81,-85.81,-53.81,-56.81,-58.81,-64.81,-49.81,-31.81,-3.81,1.19,11.19,8.19,18.19,11.19,-16.81,-47.81,-42.81,-51.81,-53.81,-49.81,-42.81,-43.81,-41.81,-28.81,-36.81,-48.81,-60.81,-73.81,-83.81,-82.81,-71.81,-51.81,-51.81,-39.81,-12.81,-11.81,-26.81
14.96,18.96,14.96,15.96,4.96,21.96,53.96,53.96,46.96,36.96,42.96,65.96,72.96,48.96,10.96,-4.04,-1.04,-8.04,-25.04,-31.04,-18.04,-14.04,-20.04,-27.04,-6.04,5.96,16.96,11.96,-2.04,-8.04,-14.04,-17.04,-7.04,10.96,15.96,9.96,-3.04,-4.04,-19.04,-33.04,-31.04,-3.04,36.96,30.96,10.96,0.96,12.96,11.96,-21.04,-13.04,3.96,-1.04,-5.04,4.96,24.96,22.96,36.96,41.96,25.96,26.96,45.96,47.96,48.96,51.96,57.96,55.96,55.96,41.96,29.96,25.96,16.96,17.96,22.96,26.96,11.96,10.96,15.96,27.96,25.96,6.96,1.96,8.96,17.96,22.96,33.96,56.96,64.96,52.96,39.96,50.96,45.96,51.96,61.96,70.96,83.96,76.96,60.96,67.96,79.96,71.96,46.96,26.96,13.96,-7.04,-4.04,27.96,49.96,56.96,39.96,-5.04,-13.04,-20.04,-22.04,-17.04,-22.04,-36.04,-41.04,-37.04,-41.04,-59.04,-51.04,-50.04,-72.04,-74.04,-65.04,-36.04,-4.04,5.96,-2.04,-21.04,-39.04,-57.04,-76.04,-76.04,-53.04,-48.04,-63.04,-45.04,-4.04,26.96,24.96,3.96,14.96,39.96,61.96,66.96,61.96,52.96,38.96,16.96,-6.04,-22.04,-9.04,10.96,18.96,29.96,46.96,30.96,18.96,14.96,-2.04,-6.04,-2.04,6.96,23.96,27.96,-1.04,-7.04,-3.04,-9.04,-16.04,-7.04,0.96,14.96,13.96,10.96,8.96,11.96,23.96,13.96,19.96,41.96,48.96,29.96,-0.04,-23.04,-32.04,-34.04,-40.04,-25.04,-12.04,-15.04,-42.04,-49.04,-48.04,-60.04,-47.04,-11.04,16.96,18.96,15.96,-4.04,-7.04,8.96,23.96,12.96,5.96,6.96,16.96,24.96,28.96,30.96,51.96,30.96,-3.04,-9.04,3.96,4.96,10.96,4.96,-5.04,4.96,4.96,7.96,-12.04,-31.04,-19.04,-18.04,-4.04,17.96,32.96,33.96,23.96,21.96,13.96,13.96,17.96,16.96,12.96,15.96,18.96,34.96,31.96,33.96,37.96,35.96,35.96,26.96,18.96,14.96,23.96,37.96,46.96,65.96,64.96,49.96,58.96,66.96,82.96,88.96,73.96,76.96,73.96,37.96,33.96,52.96,45.96,17.96,12.96,44.96,57.96,41.96,49.96,43.96,39.96,27.96,6.96,-0.04,4.96,36.96,66.96,80.96,56.96,33.96,34.96,24.96,29.96,21.96,10.96,7.96,-0.04,-8.04,-26.04,-27.04,-14.04,12.96,17.96,19.96,26.96,24.96,9.96,-6.04,-22.04,-19.04,-2.04,-6.04,-36.04,-49.04,-59.04,-58.04,-46.04,-37.04,-26.04,-25.04,-22.04,-16.04,-15.04,-34.04,-33.04,-21.04,4.96,9.96,4.96,-3.04,-12.04,-11.04,-0.04,-16.04,-25.04,-11.04,0.96,1.96,-2.04,-21.04,-35.04,-40.04,-45.04,-20.04,15.96,32.96,16.96,-9.04,-17.04,7.96,31.96,34.96,20.96,20.96,23.96,18.96,7.96,4.96,-11.04,-38.04,-46.04,-32.04,-69.04,-84.04,-97.04,-85.04,-68.04,-74.04,-75.04,-76.04,-76.04,-83.04,-79.04,-72.04,-81.04,-81.04,-78.04,-82.04,-94.04,-102.04,-103.04,-95.04,-97.04,-94.04,-99.04,-99.04,-98.04,-92.04,-85.04,-66.04,-56.04,-50.04,-51.04,-59.04,-52.04,-47.04,-53.04,-69.04,-83.04,-91.04,-95.04,-89.04,-82.04,-81.04,-94.04,-98.04
-18.305,-27.305,-28.305,-18.305,-27.305,-46.305,-22.305,11.695,26.695,1.695,-22.305,-18.305,11.695,35.695,45.695,27.695,15.695,9.695,26.695,41.695,38.695,37.695,22.695,13.695,5.695,7.695,20.695,23.695,28.695,8.695,14.695,18.695,-0.305,-1.305,-11.305,-17.305,-17.305,-17.305,-11.305,-14.305,-17.305,-20.305,-17.305,-8.305,-7.305,4.695,2.695,-3.305,2.695,-5.305,-25.305,-14.305,4.695,-1.305,-25.305,-39.305,-54.305,-40.305,-21.305,-8.305,-22.305,-40.305,-34.305,-26.305,-18.305,-18.305,-43.305,-52.305,-50.305,-31.305,-6.305,-22.305,-40.305,-39.305,-39.305,-22.305,-3.305,-16.305,-41.305,-44.305,-44.305,-29.305,-23.305,-27.305,-50.305,-61.305,-41.305,-17.305,-8.305,4.695,4.695,-12.305,13.695,73.695,74.695,45.695,43.695,57.695,48.695,39.695,26.695,40.695,52.695,29.695,25.695,0.695,-17.305,-6.305,19.695,17.695,16.695,28.695,19.695,2.695,13.695,30.695,31.695,-18.305,-21.305,-5.305,-1.305,-28.305,-26.305,-17.305,-1.305,9.695,9.695,-7.305,2.695,18.695,21.695,-5.305,-5.305,-14.305,-20.305,-17.305,8.695,39.695,56.695,72.695,48.695,26.695,-1.305,-32.305,-23.305,-4.305,4.695,-9.305,-36.305,-30.305,-18.305,1.695,9.695,-9.305,-27.305,-13.305,-4.305,-9.305,-23.305,-6.305,-0.305,-11.305,-20.305,-14.305,-3.305,5.695,-0.305,-13.305,-20.305,-42.305,-35.305,-15.305,2.695,3.695,-45.305,-71.305,-61.305,-69.305,-76.305,-64.305,-46.305,-43.305,-41.305,-35.305,-56.305,-53.305,-36.305,-16.305,-12.305,-15.305,-14.305,-4.305,-18.305,-28.305,-8.305,11.695,31.695,31.695,19.695,0.695,13.695,37.695,44.695,40.695,21.695,21.695,17.695,21.695,23.695,28.695,39.695,53.695,44.695,12.695,-9.305,-9.305,2.695,1.695,-9.305,5.695,11.695,4.695,-4.305,-4.305,2.695,-16.305,-18.305,0.695,12.695,-5.305,-17.305,-19.305,-15.305,-11.305,-10.305,-6.305,4.695,8.695,20.695,28.695,38.695,25.695,6.695,-12.305,-21.305,-5.305,-4.305,-16.305,-12.305,17.695,18.695,-4.305,-15.305,-26.305,-21.305,-39.305,-47.305,-25.305,2.695,20.695,16.695,14.695,14.695,14.695,30.695,20.695,-8.305,-19.305,-1.305,-1.305,-3.305,-5.305,-3.305,3.695,-9.305,-16.305,-9.305,-3.305,10.695,18.695,18.695,-2.305,-6.305,29.695,50.695,68.695,59.695,32.695,12.695,7.695,5.695,2.695,10.695,30.695,45.695,51.695,31.695,28.695,10.695,4.695,4.695,5.695,25.695,16.695,-23.305,-30.305,-14.305,-3.305,7.695,36.695,33.695,34.695,28.695,40.695,59.695,56.695,53.695,66.695,69.695,53.695,35.695,-5.305,-37.305,-51.305,-33.305,-16.305,-1.305,-3.305,18.695,25.695,19.695,8.695,-19.305,-61.305,-67.305,-51.305,-19.305,-0.305,-7.305,-14.305,1.695,-0.305,-0.305,11.695,30.695,28.695,8.695,-21.305,-47.305,-50.305,-26.305,-8.305,3.695,13.695,12.695,4.695,-1.305,-15.305,-22.305,-21.305,-11.305,2.695,9.695,14.695,2.695,-3.305,-0.305,-24.305,-50.305,-53.305,-19.305,-0.305,3.695,0.695,13.695,31.695,47.695,46.695,44.695,19.695,-1.305,0.695,13.695,23.695,19.695,2.695,-6.305,5.695,28.695,37.695,32.695,42.695,50.695,45.695,20.695,17.695,4.695,-13.305,-22.305,-41.305
-21.72,-23.72,-39.72,-62.72,-66.72,-51.72,-39.72,-28.72,-45.72,-53.72,-19.72,-6.72,-3.72,7.28,24.28,26.28,22.28,18.28,6.28,14.28,55.28,47.28,48.28,52.28,44.28,23.28,20.28,13.28,11.28,11.28,4.28,4.28,15.28,32.28,17.28,3.28,3.28,8.28,-6.72,-12.72,-18.72,-11.72,7.28,-0.72,-25.72,-33.72,-36.72,-29.72,-13.72,-8.72,-30.72,-44.72,-20.72,-1.72,-1.72,13.28,35.28,31.28,11.28,-20.72,-11.72,14.28,38.28,14.28,-13.72,-8.72,-26.72,-19.72,14.28,19.28,-8.72,-8.72,11.28,26.28,28.28,23.28,18.28,-19.72,-40.72,-22.72,3.28,5.28,-16.72,-22.72,-14.72,4.28,4.28,10.28,6.28,3.28,-0.72,28.28,4.28,-37.72,-26.72,-19.72,-50.72,-63.72,-25.72,-3.72,-31.72,-35.72,-34.72,-43.72,-44.72,-49.72,-43.72,-35.72,-39.72,-43.72,-54.72,-29.72,-29.72,-62.72,-51.72,2.28,27.28,23.28,35.28,22.28,-4.72,-19.72,-36.72,-53.72,-54.72,-52.72,-34.72,-25.72,-6.72,16.28,45.28,29.28,11.28,26.28,28.28,9.28,-30.72,-50.72,-52.72,-50.72,-49.72,-28.72,-26.72,-40.72,-54.72,-31.72,3.28,23.28,21.28,0.28,-10.72,-3.72,-9.72,-19.72,-21.72,-27.72,-41.72,-10.72,9.28,11.28,-0.72,-2.72,-14.72,-11.72,4.28,11.28,-4.72,4.28,12.28,17.28,8.28,8.28,17.28,13.28,20.28,28.28,25.28,25.28,15.28,22.28,-6.72,-10.72,11.28,44.28,38.28,23.28,5.28,4.28,10.28,-6.72,1.28,3.28,8.28,13.28,36.28,14.28,2.28,-15.72,-7.72,14.28,33.28,37.28,17.28,-11.72,-31.72,-13.72,-1.72,1.28,16.28,33.28,51.28,36.28,-0.72,-9.72,-0.72,20.28,29.28,0.28,13.28,22.28,-18.72,-35.72,-12.72,-1.72,-8.72,22.28,15.28,0.28,15.28,20.28,15.28,17.28,6.28,0.28,1.28,0.28,13.28,-2.72,6.28,-8.72,-0.72,2.28,-26.72,-22.72,-7.72,11.28,12.28,-4.72,-23.72,-23.72,-6.72,22.28,7.28,-0.72,-1.72,5.28,-4.72,-17.72,-30.72,-52.72,-54.72,-27.72,15.28,22.28,18.28,-3.72,-14.72,0.28,-4.72,-14.72,-28.72,-35.72,-33.72,-25.72,-11.72,-12.72,-13.72,-14.72,-14.72,-0.72,-2.72,-3.72,-13.72,-14.72,2.28,18.28,31.28,44.28,47.28,57.28,63.28,79.28,65.28,42.28,32.28,26.28,33.28,28.28,13.28,-0.72,-15.72,-12.72,-0.72,26.28,27.28,20.28,-3.72,-27.72,-25.72,-9.72,7.28,19.28,22.28,21.28,5.28,1.28,3.28,5.28,25.28,44.28,39.28,29.28,18.28,26.28,25.28,34.28,31.28,50.28,50.28,56.28,61.28,47.28,53.28,66.28,74.28,56.28,45.28,49.28,58.28,61.28,36.28,6.28,-1.72,5.28,15.28,9.28,-9.72,-25.72,-23.72,-16.72,-12.72,-3.72,13.28,15.28,28.28,10.28,-47.72,-33.72,-17.72,14.28,-12.72,-47.72,-38.72,-28.72,-24.72,-49.72,-56.72,-59.72,-41.72,-18.72,-20.72,-22.72,-15.72,-8.72,-5.72,-26.72,-34.72,-34.72,-32.72,-3.72,30.28,47.28,28.28,2.28,-8.72,-12.72,-18.72,-10.72,-31.72,-43.72,-14.72,6.28,20.28,37.28,50.28,61.28,53.28,34.28,10.28,0.28
52.755,73.755,59.755,-1.245,-29.245,-7.245,11.755,56.755,83.755,55.755,23.755,15.755,13.755,2.755,-19.245,-15.245,-29.245,-38.245,-16.245,-29.245,-50.245,-84.245,-89.245,-77.245,-45.245,-54.245,-73.245,-56.245,5.755,49.755,47.755,30.755,20.755,24.755,58.755,52.755,45.755,46.755,45.755,53.755,54.755,56.755,68.755,72.755,80.755,85.755,59.755,24.755,20.755,12.755,10.755,36.755,57.755,49.755,33.755,18.755,8.755,-21.245,-26.245,-18.245,-37.245,-25.245,16.755,40.755,20.755,-24.245,-36.245,-17.245,6.755,-3.245,-39.245,-59.245,-50.245,-8.245,59.755,74.755,49.755,38.755,71.755,99.755,103.76,83.755,61.755,45.755,38.755,48.755,57.755,39.755,55.755,77.755,58.755,58.755,68.755,54.755,-13.245,-31.245,-6.245,20.755,6.755,-19.245,-24.245,-31.245,13.755,54.755,93.755,82.755,69.755,26.755,28.755,49.755,50.755,52.755,38.755,31.755,7.755,-10.245,1.755,23.755,60.755,69.755,92.755,91.755,93.755,107.76,118.76,103.76,74.755,36.755,11.755,4.755,17.755,49.755,58.755,37.755,5.755,40.755,68.755,39.755,-0.245,-46.245,-49.245,-40.245,1.755,13.755,10.755,8.755,18.755,35.755,54.755,46.755,31.755,33.755,55.755,83.755,93.755,102.76,66.755,46.755,57.755,64.755,42.755,34.755,23.755,33.755,49.755,54.755,35.755,17.755,21.755,26.755,18.755,-26.245,-18.245,5.755,27.755,20.755,7.755,16.755,20.755,22.755,8.755,8.755,31.755,53.755,25.755,16.755,28.755,29.755,8.755,25.755,21.755,8.755,-12.245,-45.245,-69.245,-6.245,19.755,-18.245,-21.245,-1.245,-21.245,-56.245,-47.245,-33.245,-26.245,-51.245,-75.245,-74.245,-22.245,-4.245,-23.245,-38.245,-58.245,-60.245,-38.245,3.755,0.755,-12.245,15.755,57.755,71.755,44.755,27.755,58.755,68.755,66.755,54.755,75.755,31.755,-5.245,-13.245,-16.245,-23.245,-31.245,-48.245,-66.245,-53.245,-37.245,-16.245,-38.245,-80.245,-107.25,-94.245,-69.245,-51.245,-53.245,-87.245,-87.245,-49.245,-57.245,-72.245,-68.245,-54.245,-46.245,-53.245,-59.245,-66.245,-47.245,-53.245,-60.245,-45.245,-32.245,-38.245,-48.245,-41.245,-32.245,-34.245,-41.245,-38.245,-39.245,-42.245,-21.245,-8.245,-32.245,-35.245,-42.245,-50.245,-69.245,-60.245,-42.245,-21.245,-10.245,-27.245,-54.245,-50.245,-39.245,-73.245,-86.245,-54.245,-8.245,7.755,-3.245,-10.245,-8.245,-16.245,-26.245,-34.245,-4.245,16.755,6.755,-17.245,-19.245,-12.245,14.755,40.755,30.755,-6.245,-14.245,12.755,0.755,-27.245,-48.245,-61.245,-60.245,-35.245,-25.245,-53.245,-65.245,-69.245,-64.245,-64.245,-63.245,-45.245,-1.245,23.755,2.755,-10.245,10.755,12.755,15.755,11.755,17.755,8.755,-4.245,-0.245,-35.245,-57.245,-62.245,-65.245,-67.245,-21.245,1.755,5.755,13.755,-9.245,-11.245,12.755,27.755,22.755,-18.245,-51.245,-65.245,-46.245,-4.245,27.755,36.755,41.755,18.755,-0.245,4.755,9.755,4.755,8.755,21.755,18.755,12.755,2.755,10.755,43.755,45.755,3.755,-14.245,-23.245,-38.245,-44.245,-69.245,-68.245,-68.245,-64.245,-51.245,-46.245,-47.245,-32.245,-67.245,-76.245,-78.245,-58.245,-28.245,-17.245,-27.245,-28.245,-27.245,-40.245,-37.245,-36.245,-31.245,-17.245,-5.245,-21.245,-28.245
2.655,-16.345,-34.345,-35.345,-27.345,-15.345,-7.345,-2.345,-20.345,-21.345,-27.345,-28.345,-17.345,-6.345,9.655,20.655,15.655,28.655,12.655,10.655,-13.345,-38.345,-47.345,-48.345,-33.345,-41.345,-62.345,-40.345,-13.345,21.655,10.655,-26.345,-34.345,-17.345,3.655,19.655,0.655,10.655,17.655,28.655,39.655,37.655,42.655,28.655,39.655,36.655,29.655,18.655,35.655,69.655,93.655,85.655,67.655,73.655,82.655,80.655,68.655,39.655,26.655,18.655,25.655,30.655,19.655,-3.345,-18.345,-27.345,3.655,15.655,7.655,17.655,12.655,24.655,31.655,31.655,28.655,18.655,1.655,-2.345,-10.345,-36.345,-48.345,-44.345,-24.345,-23.345,-12.345,19.655,27.655,9.655,-15.345,-38.345,-58.345,-42.345,-19.345,-39.345,-41.345,-55.345,-55.345,-41.345,-45.345,-71.345,-51.345,-42.345,-40.345,-16.345,-27.345,-54.345,-44.345,-28.345,-45.345,-58.345,-42.345,-82.345,-90.345,-68.345,-57.345,-64.345,-100.35,-85.345,-46.345,-33.345,-25.345,-11.345,1.655,1.655,14.655,2.655,-11.345,5.655,22.655,12.655,-13.345,-7.345,-35.345,-64.345,-47.345,-45.345,-34.345,-31.345,-36.345,-24.345,-6.345,2.655,3.655,9.655,26.655,3.655,-33.345,-32.345,-18.345,7.655,23.655,21.655,40.655,47.655,31.655,15.655,18.655,14.655,-4.345,-8.345,-13.345,3.655,6.655,19.655,-0.345,-10.345,-1.345,17.655,33.655,44.655,16.655,-16.345,-18.345,4.655,25.655,31.655,1.655,-25.345,-9.345,4.655,13.655,14.655,4.655,-16.345,-36.345,-41.345,-51.345,-54.345,-66.345,-72.345,-54.345,-27.345,26.655,51.655,16.655,-16.345,-5.345,23.655,2.655,-22.345,-36.345,-27.345,-32.345,-23.345,-36.345,-53.345,-49.345,-21.345,-38.345,-54.345,-9.345,27.655,24.655,28.655,34.655,3.655,-1.345,5.655,-3.345,4.655,8.655,-11.345,-42.345,-84.345,-52.345,-15.345,-5.345,-33.345,-54.345,-48.345,-8.345,3.655,-8.345,-21.345,-17.345,1.655,2.655,-16.345,-15.345,11.655,27.655,18.655,1.655,-9.345,-2.345,-14.345,-11.345,1.655,30.655,39.655,21.655,14.655,25.655,22.655,-4.345,16.655,40.655,53.655,43.655,37.655,48.655,54.655,53.655,48.655,20.655,-4.345,-19.345,-25.345,-20.345,-19.345,-26.345,-23.345,4.655,44.655,54.655,51.655,45.655,50.655,41.655,19.655,39.655,78.655,91.655,72.655,56.655,60.655,60.655,62.655,30.655,-3.345,1.655,24.655,10.655,-9.345,19.655,44.655,54.655,54.655,68.655,86.655,61.655,37.655,23.655,12.655,9.655,1.655,1.655,21.655,43.655,64.655,66.655,52.655,63.655,62.655,48.655,40.655,25.655,15.655,-4.345,-16.345,13.655,29.655,19.655,21.655,-8.345,-30.345,-35.345,-23.345,-16.345,-7.345,-19.345,-25.345,-26.345,-30.345,-41.345,-44.345,-27.345,-25.345,-25.345,-39.345,-37.345,-23.345,-31.345,-25.345,-12.345,-4.345,-3.345,-11.345,-15.345,-26.345,-9.345,4.655,14.655,28.655,17.655,-1.345,-41.345,-31.345,-28.345,-15.345,-5.345,-9.345,-17.345,-14.345,3.655,16.655,33.655,34.655,31.655,34.655,43.655,32.655,21.655,22.655,12.655,9.655,-4.345,-21.345,-8.345,-11.345,-20.345,-3.345,10.655,2.655,-2.345,11.655,13.655,0.655,12.655,18.655,-0.345,-15.345,-25.345,-25.345,-9.345,-0.345,10.655,27.655,39.655,31.655
