0.7275,21.727,24.727,36.727,28.727,27.727,34.727,53.727,46.727,19.727,-13.273,-20.273,-8.2725,-14.273,-29.273,-62.273,-73.273,-90.273,-91.273,-140.27,-159.27,-151.27,-110.27,-65.273,-52.273,-22.273,-19.273,6.7275,34.727,53.727,79.727,95.727,123.73,101.73,76.727,83.727,66.727,39.727,24.727,11.727,25.727,23.727,23.727,0.7275,-1.2725,23.727,27.727,-1.2725,-19.273,-8.2725,19.727,20.727,-17.273,-45.273,-79.273,-100.27,-98.273,-97.273,-117.27,-159.27,-160.27,-138.27,-132.27,-154.27,-169.27,-161.27,-186.27,-149.27,-101.27,-77.273,-57.273,-28.273,1.7275,35.727,37.727,77.727,86.727,83.727,56.727,61.727,84.727,68.727,26.727,48.727,38.727,11.727,-2.2725,-13.273,-9.2725,17.727,14.727,-19.273,-32.273,-79.273,-86.273,-79.273,-77.273,-93.273,-140.27,-129.27,-108.27,-104.27,-102.27,-93.273,-73.273,-50.273,-53.273,-44.273,-24.273,-26.273,3.7275,-8.2725,-24.273,-18.273,11.727,12.727,31.727,31.727,50.727,46.727,34.727,66.727,46.727,84.727,73.727,69.727,54.727,46.727,51.727,65.727,104.73,91.727,74.727,56.727,13.727,15.727,9.7275,-31.273,-64.273,-83.273,-53.273,-16.273,-11.273,-1.2725,-5.2725,-21.273,-32.273,-37.273,-20.273,-27.273,-7.2725,-22.273,-7.2725,-2.2725,-37.273,-79.273,-77.273,-87.273,-97.273,-119.27,-108.27,-115.27,-63.273,-44.273,-92.273,-112.27,-94.273,-90.273,-56.273,-35.273,-21.273,-14.273,-20.273,15.727,39.727,41.727,9.7275,30.727,30.727,15.727,5.7275,-5.2725,-6.2725,8.7275,-10.273,-26.273,-41.273,-85.273,-171.27,-198.27,-163.27,-105.27,-73.273,-122.27,-101.27,-105.27,-117.27,-130.27,-151.27,-122.27,-88.273,-59.273,-49.273,-65.273,-40.273,7.7275,15.727,24.727,38.727,54.727,115.73,129.73,130.73,123.73,135.73,162.73,207.73,255.73,248.73,235.73,252.73,255.73,224.73,189.73,106.73,86.727,73.727,44.727,-18.273,-52.273,-76.273,-69.273,-66.273,-54.273,-66.273,-82.273,-91.273,-98.273,-110.27,-138.27,-154.27,-151.27,-128.27,-92.273,-68.273,-39.273,-6.2725,10.727,38.727,20.727,-5.2725,13.727,2.7275,24.727,14.727,51.727,52.727,57.727,45.727,3.7275,-90.273,-78.273,-21.273,13.727,10.727,22.727,14.727,-26.273,-30.273,-5.2725,12.727,-3.2725,-30.273,-37.273,-33.273,-53.273,-47.273,-26.273,-2.2725,-2.2725,-7.2725,10.727,19.727,32.727,22.727,17.727,25.727,32.727,14.727,-18.273,-17.273,-12.273,21.727,39.727,54.727,46.727,42.727,51.727,36.727,35.727,5.7275,-34.273,-88.273,-132.27,-99.273,-108.27,-72.273,-29.273,9.7275,0.7275,-3.2725,-32.273,-49.273,-52.273,-6.2725,19.727,35.727,61.727,94.727,70.727,81.727,116.73,190.73,214.73,232.73,217.73,202.73,197.73,203.73,166.73,174.73,143.73,93.727,83.727,71.727,37.727,-2.2725,2.7275,-33.273,-51.273,-58.273,-67.273,-53.273,-46.273,-57.273,-71.273,-81.273,-65.273,-45.273,-75.273,-62.273,-21.273,13.727,63.727,92.727,91.727,76.727,102.73,138.73,139.73,158.73,130.73,138.73,150.73,136.73,96.727,79.727,54.727,21.727,23.727,21.727,1.7275,-35.273,-98.273,-129.27,-123.27,-167.27,-157.27,-122.27,-71.273,-65.273,-31.273,8.7275,37.727,47.727,72.727,93.727,96.727,119.73,141.73,160.73,173.73,136.73,100.73,70.727,70.727,71.727,50.727,-0.2725,2.7275
-41.96,-7.96,12.04,5.04,-8.96,-12.96,4.04,27.04,30.04,16.04,-26.96,-48.96,-34.96,-36.96,-33.96,-57.96,-65.96,-92.96,-106.96,-142.96,-162.96,-169.96,-123.96,-89.96,-80.96,-58.96,-60.96,-34.96,-15.96,-21.96,15.04,16.04,44.04,43.04,26.04,31.04,11.04,-1.96,-11.96,-39.96,-33.96,-9.96,-6.96,-16.96,-16.96,9.04,18.04,1.04,-25.96,-20.96,10.04,19.04,-16.96,-49.96,-88.96,-100.96,-83.96,-93.96,-101.96,-147.96,-149.96,-116.96,-102.96,-117.96,-158.96,-147.96,-172.96,-142.96,-94.96,-63.96,-27.96,-53.96,-27.96,2.04,9.04,58.04,73.04,61.04,24.04,24.04,35.04,35.04,-21.96,-20.96,-30.96,-45.96,-39.96,-39.96,-35.96,-5.96,-0.96,-28.96,-25.96,-59.96,-40.96,-15.96,-13.96,-24.96,-85.96,-83.96,-49.96,-59.96,-49.96,-63.96,-51.96,-33.96,-38.96,-33.96,-2.96,9.04,-2.96,-36.96,-63.96,-53.96,-20.96,-31.96,-39.96,-35.96,-2.96,6.04,-10.96,-1.96,-17.96,22.04,29.04,47.04,55.04,52.04,40.04,50.04,85.04,65.04,45.04,28.04,8.04,18.04,16.04,7.04,-33.96,-61.96,-32.96,4.04,8.04,9.04,-9.96,-22.96,-28.96,-4.96,-7.96,-11.96,-15.96,-39.96,-13.96,6.04,-10.96,-56.96,-71.96,-84.96,-72.96,-67.96,-57.96,-64.96,-11.96,0.04,-38.96,-84.96,-67.96,-63.96,-40.96,-17.96,-7.96,2.04,6.04,36.04,57.04,73.04,24.04,35.04,41.04,38.04,17.04,-5.96,-9.96,16.04,11.04,8.04,-0.96,-34.96,-117.96,-125.96,-91.96,-20.96,14.04,-6.96,7.04,-10.96,-36.96,-46.96,-52.96,-25.96,-10.96,20.04,5.04,-30.96,-19.96,0.04,1.04,21.04,13.04,25.04,45.04,54.04,45.04,8.04,-3.96,29.04,90.04,141.04,166.04,153.04,168.04,183.04,174.04,149.04,74.04,64.04,70.04,73.04,28.04,-13.96,-32.96,-29.96,-7.96,0.04,-8.96,-19.96,-38.96,-37.96,-31.96,-59.96,-103.96,-104.96,-92.96,-50.96,-38.96,-45.96,-7.96,12.04,33.04,34.04,9.04,12.04,18.04,4.04,-14.96,31.04,43.04,48.04,64.04,3.04,-102.96,-79.96,-0.96,30.04,34.04,52.04,36.04,-10.96,-42.96,-10.96,30.04,17.04,-6.96,11.04,22.04,-3.96,0.04,27.04,35.04,45.04,44.04,59.04,50.04,52.04,42.04,59.04,77.04,79.04,31.04,4.04,25.04,35.04,59.04,65.04,70.04,74.04,51.04,57.04,40.04,35.04,7.04,-21.96,-84.96,-121.96,-90.96,-83.96,-28.96,0.04,21.04,-9.96,-8.96,-7.96,-10.96,3.04,41.04,47.04,65.04,65.04,75.04,68.04,78.04,73.04,125.04,156.04,171.04,161.04,133.04,140.04,129.04,107.04,120.04,95.04,54.04,56.04,42.04,11.04,-12.96,-39.96,-57.96,-69.96,-61.96,-48.96,-40.96,-36.96,-32.96,-30.96,-66.96,-58.96,-34.96,-45.96,-33.96,13.04,53.04,97.04,107.04,98.04,94.04,108.04,139.04,134.04,129.04,101.04,115.04,125.04,93.04,58.04,53.04,20.04,-5.96,11.04,21.04,11.04,-26.96,-77.96,-99.96,-116.96,-161.96,-136.96,-94.96,-59.96,-53.96,-32.96,-2.96,22.04,30.04,73.04,105.04,93.04,95.04,113.04,143.04,160.04,115.04,67.04,40.04,38.04,31.04,39.04,6.04,-5.96
17.563,65.563,89.563,83.563,49.563,43.563,59.563,90.563,106.56,107.56,46.563,-4.4375,22.563,34.563,49.563,34.563,24.563,-11.438,-25.438,-46.438,-68.438,-98.438,-63.438,-38.438,-46.438,-8.4375,-25.438,-9.4375,22.563,13.563,82.563,61.563,100.56,113.56,79.563,89.563,74.563,81.563,61.563,26.563,29.563,56.563,63.563,67.563,76.563,110.56,129.56,109.56,76.563,82.563,120.56,106.56,73.563,29.563,-23.438,-47.438,-33.438,-41.438,-69.438,-145.44,-139.44,-95.438,-51.438,-79.438,-137.44,-119.44,-139.44,-105.44,-38.438,17.563,64.563,-21.438,3.5625,47.563,54.563,120.56,158.56,132.56,102.56,100.56,113.56,141.56,56.563,35.563,28.563,28.563,50.563,54.563,40.563,52.563,44.563,15.563,21.563,-23.438,-6.4375,23.563,22.563,23.563,-47.438,-39.438,1.5625,1.5625,25.563,0.5625,11.563,35.563,27.563,37.563,76.563,113.56,57.563,-11.438,-49.438,-27.438,6.5625,-21.438,-25.438,-28.438,25.563,41.563,20.563,12.563,-6.4375,35.563,54.563,78.563,98.563,76.563,47.563,61.563,97.563,73.563,51.563,33.563,26.563,39.563,47.563,68.563,7.5625,-24.438,7.5625,56.563,72.563,75.563,47.563,36.563,39.563,90.563,77.563,67.563,45.563,18.563,49.563,76.563,67.563,-2.4375,-43.438,-60.438,-40.438,-33.438,-52.438,-73.438,-30.438,-35.438,-56.438,-127.44,-112.44,-103.44,-81.438,-61.438,-60.438,-52.438,-35.438,-17.438,7.5625,23.563,-36.438,-18.438,-4.4375,4.5625,6.5625,-16.438,-33.438,-3.4375,-6.4375,-6.4375,0.5625,-29.438,-118.44,-122.44,-93.438,-28.438,1.5625,0.5625,17.563,-19.438,-43.438,-48.438,-43.438,4.5625,8.5625,53.563,8.5625,-48.438,-37.438,-33.438,-35.438,6.5625,-12.438,-8.4375,-28.438,8.5625,6.5625,-35.438,-73.438,-42.438,23.563,80.563,109.56,94.563,102.56,133.56,126.56,110.56,34.563,12.563,36.563,56.563,21.563,-23.438,-40.438,-37.438,-18.438,12.563,3.5625,-27.438,-53.438,-45.438,-40.438,-55.438,-120.44,-127.44,-111.44,-54.438,-43.438,-63.438,-29.438,-5.4375,17.563,26.563,7.5625,8.5625,20.563,-21.438,-47.438,4.5625,27.563,36.563,53.563,-26.438,-153.44,-126.44,-44.438,-10.438,-5.4375,3.5625,-31.438,-89.438,-139.44,-95.438,-30.438,-43.438,-73.438,-43.438,-21.438,-33.438,-17.438,4.5625,19.563,25.563,34.563,54.563,17.563,8.5625,-3.4375,31.563,50.563,50.563,-25.438,-42.438,-11.438,-3.4375,30.563,32.563,22.563,40.563,-2.4375,-3.4375,-23.438,-16.438,-48.438,-82.438,-160.44,-198.44,-165.44,-159.44,-103.44,-85.438,-89.438,-125.44,-104.44,-84.438,-66.438,-46.438,-13.438,4.5625,18.563,-6.4375,15.563,25.563,39.563,-3.4375,49.563,99.563,110.56,97.563,58.563,61.563,47.563,38.563,59.563,29.563,-22.438,-25.438,-44.438,-74.438,-62.438,-123.44,-155.44,-153.44,-130.44,-117.44,-116.44,-102.44,-75.438,-66.438,-124.44,-96.438,-73.438,-79.438,-72.438,-1.4375,34.563,75.563,90.563,97.563,91.563,107.56,144.56,144.56,131.56,105.56,134.56,133.56,91.563,51.563,41.563,-13.438,-66.438,-37.438,-16.438,-26.438,-70.438,-112.44,-153.44,-196.44,-252.44,-204.44,-149.44,-110.44,-87.438,-83.438,-70.438,-36.438,-5.4375,51.563,71.563,36.563,37.563,46.563,94.563,114.56,66.563,5.5625,1.5625,-4.4375,7.5625,19.563,0.5625,11.563
-41.895,25.105,52.105,29.105,-27.895,-17.895,0.105,31.105,52.105,86.105,5.105,-80.895,-57.895,-36.895,-0.895,-9.895,-15.895,-59.895,-69.895,-72.895,-112.9,-158.9,-121.9,-98.895,-102.9,-63.895,-115.9,-88.895,-41.895,-37.895,47.105,-6.895,51.105,80.105,11.105,42.105,35.105,66.105,41.105,-25.895,-35.895,23.105,35.105,35.105,40.105,74.105,110.1,92.105,50.105,46.105,100.1,101.1,94.105,39.105,-10.895,-18.895,32.105,23.105,-19.895,-113.9,-114.9,-47.895,51.105,16.105,-70.895,-73.895,-91.895,-71.895,3.105,94.105,157.1,-49.895,-34.895,12.105,16.105,97.105,141.1,96.105,74.105,69.105,72.105,147.1,7.105,-26.895,-31.895,-12.895,32.105,41.105,2.105,6.105,-4.895,-36.895,-32.895,-86.895,-54.895,-15.895,-25.895,-42.895,-136.9,-134.9,-65.895,-47.895,7.105,-49.895,-58.895,-29.895,-33.895,-11.895,43.105,127.1,-0.895,-94.895,-133.9,-90.895,-30.895,-90.895,-109.9,-111.9,-24.895,6.105,-37.895,-63.895,-87.895,-29.895,1.105,25.105,58.105,34.105,-13.895,1.105,37.105,21.105,7.105,-33.895,-39.895,-10.895,11.105,77.105,-34.895,-82.895,-45.895,34.105,78.105,62.105,-1.895,-1.895,13.105,90.105,70.105,52.105,33.105,-1.895,33.105,83.105,104.1,-9.895,-73.895,-94.895,-58.895,-47.895,-84.895,-102.9,-41.895,-43.895,-33.895,-118.9,-79.895,-54.895,-12.895,32.105,20.105,41.105,104.1,108.1,128.1,160.1,82.105,98.105,106.1,126.1,137.1,113.1,69.105,100.1,78.105,68.105,70.105,40.105,-55.895,-65.895,-44.895,23.105,51.105,86.105,64.105,2.105,-25.895,-35.895,-36.895,15.105,43.105,127.1,26.105,-63.895,-51.895,-57.895,-60.895,1.105,-9.895,-18.895,-98.895,-30.895,2.105,-60.895,-119.9,-80.895,3.105,73.105,103.1,58.105,60.105,122.1,107.1,91.105,15.105,0.105,31.105,59.105,37.105,-15.895,-24.895,-30.895,1.105,58.105,23.105,-11.895,-56.895,-47.895,-45.895,-51.895,-129.9,-117.9,-101.9,-29.895,-9.895,-73.895,-44.895,-28.895,-2.895,20.105,18.105,10.105,23.105,-49.895,-86.895,-3.895,21.105,33.105,55.105,-56.895,-229.9,-180.9,-71.895,-35.895,-17.895,-7.895,-69.895,-130.9,-187.9,-131.9,-35.895,-55.895,-101.9,-58.895,-32.895,-34.895,-2.895,30.105,52.105,72.105,126.1,172.1,91.105,65.105,75.105,151.1,184.1,173.1,61.105,49.105,100.1,120.1,157.1,157.1,132.1,175.1,90.105,97.105,80.105,77.105,59.105,15.105,-65.895,-98.895,-87.895,-75.895,-9.895,0.105,-29.895,-116.9,-86.895,-42.895,-21.895,-1.895,51.105,37.105,36.105,-9.895,14.105,53.105,77.105,-33.895,18.105,111.1,146.1,128.1,65.105,65.105,37.105,48.105,68.105,40.105,-25.895,-29.895,-47.895,-69.895,-33.895,-144.9,-173.9,-156.9,-143.9,-115.9,-123.9,-104.9,-43.895,-40.895,-160.9,-119.9,-104.9,-106.9,-79.895,18.105,47.105,92.105,96.105,105.1,104.1,119.1,165.1,161.1,145.1,113.1,155.1,150.1,114.1,68.105,66.105,-13.895,-85.895,-43.895,-25.895,-7.895,-86.895,-114.9,-165.9,-244.9,-304.89,-241.9,-172.9,-135.9,-80.895,-104.9,-96.895,-50.895,-21.895,54.105,74.105,9.105,24.105,35.105,109.1,135.1,58.105,-9.895,5.105,14.105,44.105,77.105,73.105,127.1
6.6425,54.642,83.642,76.642,56.642,66.642,81.642,103.64,105.64,69.642,8.6425,-8.3575,8.6425,13.643,-1.3575,-30.358,-52.358,-69.358,-74.358,-117.36,-142.36,-145.36,-101.36,-79.358,-99.358,-69.358,-84.358,-72.358,-53.358,-63.358,-23.358,-12.358,33.642,25.642,6.6425,26.642,7.6425,-11.358,-10.358,-31.358,-3.3575,15.643,18.642,-9.3575,-3.3575,27.642,27.642,-17.358,-44.358,-15.358,30.642,25.642,-9.3575,-38.358,-79.358,-81.358,-63.358,-69.358,-79.358,-137.36,-137.36,-73.358,-54.358,-82.358,-117.36,-102.36,-140.36,-79.358,-42.358,-35.358,-31.358,-64.358,-28.358,-4.3575,-2.3575,64.642,95.642,69.642,33.642,41.642,72.642,56.642,-9.3575,16.642,17.642,-23.358,-12.358,-8.3575,-4.3575,26.642,17.642,-18.358,-8.3575,-67.358,-66.358,-44.358,-39.358,-67.358,-149.36,-119.36,-93.358,-101.36,-95.358,-100.36,-73.358,-54.358,-66.358,-40.358,-8.3575,-4.3575,32.642,-5.3575,-19.358,3.6425,41.642,40.642,52.642,48.642,78.642,87.642,71.642,99.642,70.642,113.64,115.64,128.64,113.64,87.642,70.642,71.642,133.64,84.642,52.642,28.642,8.6425,32.642,24.642,-10.358,-52.358,-78.358,-25.358,28.642,10.643,12.643,-3.3575,-6.3575,-2.3575,-0.3575,-17.358,-37.358,-28.358,-38.358,-0.3575,21.642,-17.358,-61.358,-52.358,-65.358,-69.358,-77.358,-85.358,-119.36,-48.358,-22.358,-63.358,-99.358,-72.358,-55.358,-11.358,24.642,44.642,60.642,66.642,108.64,115.64,117.64,59.642,84.642,93.642,84.642,78.642,73.642,72.642,101.64,86.642,67.642,66.642,22.642,-93.358,-115.36,-84.358,-13.358,-0.3575,-75.358,-23.358,-49.358,-103.36,-115.36,-135.36,-89.358,-60.358,-8.3575,-26.358,-56.358,-25.358,22.642,15.643,27.642,11.643,18.642,79.642,80.642,59.642,33.642,38.642,71.642,129.64,188.64,198.64,170.64,200.64,225.64,200.64,163.64,80.642,98.642,125.64,102.64,19.642,-42.358,-76.358,-75.358,-72.358,-52.358,-72.358,-77.358,-81.358,-77.358,-70.358,-110.36,-147.36,-119.36,-102.36,-58.358,-50.358,-54.358,-23.358,-5.3575,36.642,27.642,5.6425,10.643,9.6425,-1.3575,-8.3575,39.642,47.642,58.642,45.642,-32.358,-161.36,-113.36,-50.358,-32.358,-45.358,-10.358,-44.358,-98.358,-92.358,-53.358,-12.358,-13.358,-25.358,10.643,24.642,-19.358,-34.358,-17.358,5.6425,18.642,25.642,62.642,87.642,101.64,116.64,132.64,158.64,157.64,81.642,42.642,52.642,51.642,97.642,106.64,100.64,90.642,65.642,71.642,52.642,57.642,39.642,17.642,-54.358,-110.36,-88.358,-112.36,-105.36,-108.36,-95.358,-124.36,-102.36,-109.36,-108.36,-81.358,-37.358,-6.3575,29.642,43.642,52.642,32.642,42.642,58.642,129.64,150.64,153.64,129.64,90.642,104.64,92.642,54.642,90.642,43.642,-25.358,-35.358,-26.358,-68.358,-91.358,-86.358,-116.36,-136.36,-142.36,-149.36,-125.36,-127.36,-106.36,-91.358,-120.36,-69.358,-6.3575,-40.358,-12.358,45.642,85.642,145.64,158.64,145.64,112.64,140.64,173.64,148.64,149.64,82.642,87.642,106.64,51.642,9.6425,11.643,-44.358,-87.358,-67.358,-68.358,-84.358,-121.36,-192.36,-230.36,-225.36,-285.36,-244.36,-168.36,-123.36,-122.36,-77.358,-42.358,-8.3575,18.642,61.642,102.64,91.642,102.64,123.64,163.64,226.64,177.64,129.64,116.64,121.64,122.64,92.642,32.642,28.642
-17.38,32.62,64.62,57.62,33.62,36.62,57.62,80.62,91.62,73.62,4.62,-27.38,-2.38,13.62,5.62,-26.38,-48.38,-65.38,-72.38,-112.38,-139.38,-147.38,-107.38,-86.38,-105.38,-76.38,-91.38,-73.38,-56.38,-65.38,-22.38,-19.38,17.62,12.62,-5.38,12.62,-2.38,-15.38,-17.38,-40.38,-21.38,2.62,15.62,-1.38,6.62,40.62,45.62,6.62,-29.38,-11.38,35.62,38.62,3.62,-32.38,-71.38,-76.38,-55.38,-70.38,-82.38,-142.38,-141.38,-82.38,-48.38,-81.38,-130.38,-121.38,-154.38,-108.38,-60.38,-31.38,-10.38,-69.38,-39.38,-1.38,-3.38,67.62,98.62,71.62,28.62,39.62,68.62,67.62,-9.38,10.62,15.62,-10.38,4.62,7.62,4.62,39.62,31.62,-2.38,9.62,-47.38,-28.38,-13.38,-10.38,-31.38,-113.38,-97.38,-64.38,-75.38,-60.38,-80.38,-65.38,-51.38,-78.38,-60.38,-28.38,-20.38,-13.38,-60.38,-78.38,-55.38,-7.38,-20.38,-24.38,-19.38,19.62,31.62,12.62,26.62,7.62,52.62,65.62,85.62,85.62,57.62,45.62,51.62,117.62,66.62,42.62,20.62,2.62,22.62,28.62,14.62,-39.38,-72.38,-21.38,36.62,22.62,20.62,-0.38,-4.38,1.62,22.62,5.62,-20.38,-12.38,-27.38,10.62,40.62,12.62,-48.38,-52.38,-58.38,-51.38,-57.38,-63.38,-97.38,-29.38,-5.38,-48.38,-102.38,-76.38,-60.38,-19.38,16.62,28.62,38.62,47.62,88.62,103.62,107.62,42.62,64.62,76.62,73.62,58.62,43.62,32.62,65.62,49.62,39.62,46.62,8.62,-106.38,-121.38,-85.38,-13.38,10.62,-43.38,-3.38,-28.38,-72.38,-78.38,-86.38,-47.38,-20.38,31.62,0.62,-35.38,-9.38,21.62,16.62,38.62,25.62,30.62,66.62,74.62,58.62,23.62,14.62,43.62,114.62,170.62,181.62,152.62,171.62,205.62,181.62,145.62,56.62,60.62,74.62,64.62,3.62,-51.38,-70.38,-65.38,-60.38,-42.38,-59.38,-79.38,-94.38,-89.38,-81.38,-109.38,-153.38,-128.38,-100.38,-50.38,-46.38,-51.38,-10.38,11.62,41.62,46.62,23.62,25.62,30.62,6.62,-7.38,53.62,65.62,80.62,77.62,-19.38,-149.38,-105.38,-43.38,-22.38,-38.38,-17.38,-62.38,-124.38,-139.38,-104.38,-51.38,-66.38,-89.38,-55.38,-39.38,-67.38,-59.38,-28.38,6.62,25.62,31.62,76.62,90.62,106.62,113.62,134.62,168.62,164.62,87.62,47.62,66.62,72.62,114.62,119.62,115.62,117.62,77.62,82.62,62.62,68.62,41.62,13.62,-54.38,-110.38,-80.38,-90.38,-66.38,-62.38,-53.38,-99.38,-80.38,-83.38,-78.38,-56.38,-10.38,12.62,44.62,52.62,73.62,67.62,83.62,83.62,161.62,179.62,192.62,177.62,136.62,145.62,135.62,104.62,135.62,91.62,17.62,13.62,14.62,-30.38,-53.38,-81.38,-126.38,-127.38,-134.38,-141.38,-136.38,-137.38,-116.38,-110.38,-153.38,-107.38,-66.38,-83.38,-58.38,1.62,46.62,96.62,111.62,104.62,84.62,111.62,149.62,134.62,138.62,91.62,110.62,132.62,80.62,45.62,56.62,13.62,-30.38,-3.38,10.62,-0.38,-46.38,-108.38,-152.38,-169.38,-220.38,-180.38,-100.38,-64.38,-66.38,-40.38,-9.38,11.62,37.62,77.62,102.62,69.62,70.62,78.62,107.62,167.62,108.62,45.62,37.62,39.62,58.62,51.62,14.62,21.62
-0.5875,57.413,98.412,67.412,23.413,19.413,40.413,69.412,95.412,94.412,1.4125,-45.587,-11.587,31.413,41.413,13.413,3.4125,-17.587,-17.587,-42.587,-68.588,-95.588,-38.587,-25.587,-44.587,-0.5875,-30.587,-5.5875,30.413,24.413,78.412,49.413,85.412,79.412,43.413,52.413,31.413,33.413,29.413,-12.587,2.4125,44.413,55.413,52.413,65.412,113.41,131.41,92.412,55.413,60.413,113.41,114.41,80.412,24.413,-23.587,-30.587,-1.5875,-27.587,-63.587,-156.59,-160.59,-101.59,-47.587,-86.588,-158.59,-138.59,-159.59,-108.59,-41.587,31.413,84.412,-48.587,-5.5875,41.413,45.413,125.41,168.41,128.41,83.412,81.412,101.41,132.41,15.413,18.413,24.413,2.4125,27.413,20.413,-5.5875,22.413,9.4125,-25.587,-3.5875,-54.587,-28.587,4.4125,2.4125,-5.5875,-100.59,-77.588,-27.587,-24.587,12.413,-26.587,-21.587,-9.5875,-31.587,-11.587,33.413,65.412,23.413,-49.587,-81.588,-44.587,-7.5875,-48.587,-63.587,-60.587,-2.5875,26.413,-4.5875,-12.587,-27.587,34.413,59.413,91.412,107.41,68.412,37.413,53.413,120.41,77.412,44.413,21.413,9.4125,38.413,57.413,67.412,-8.5875,-56.587,-14.587,52.413,36.413,26.413,-4.5875,-2.5875,25.413,85.412,69.412,52.413,45.413,26.413,72.412,114.41,106.41,3.4125,-20.587,-27.587,-8.5875,-8.5875,-31.587,-70.588,-4.5875,11.413,-17.587,-116.59,-107.59,-96.588,-78.588,-50.587,-56.587,-41.587,-7.5875,20.413,44.413,57.413,-20.587,18.413,43.413,47.413,45.413,28.413,7.4125,49.413,41.413,40.413,55.413,25.413,-94.588,-106.59,-88.588,-27.587,-3.5875,-30.587,3.4125,-33.587,-73.588,-73.588,-59.587,-15.587,11.413,83.412,16.413,-36.587,-14.587,-3.5875,-3.5875,37.413,21.413,25.413,18.413,47.413,34.413,-22.587,-57.587,-23.587,49.413,111.41,118.41,72.412,85.412,137.41,126.41,101.41,16.413,13.413,51.413,61.413,24.413,-27.587,-31.587,-22.587,-1.5875,30.413,2.4125,-29.587,-62.587,-57.587,-44.587,-67.588,-125.59,-110.59,-88.588,-35.587,-57.587,-97.588,-46.587,-26.587,6.4125,19.413,13.413,14.413,29.413,-23.587,-41.587,37.413,55.413,75.412,90.412,-32.587,-186.59,-128.59,-38.587,-22.587,-10.587,14.413,-47.587,-119.59,-149.59,-99.588,-29.587,-75.588,-116.59,-60.587,-51.587,-64.588,-43.587,-6.5875,26.413,38.413,61.413,102.41,67.412,53.413,59.413,91.412,125.41,108.41,5.4125,-23.587,14.413,27.413,76.412,72.412,62.413,72.412,-4.5875,-12.587,-38.587,-25.587,-37.587,-67.588,-139.59,-172.59,-128.59,-124.59,-75.588,-58.587,-64.588,-119.59,-87.588,-67.588,-59.587,-34.587,12.413,18.413,41.413,25.413,47.413,59.413,66.412,17.413,92.412,123.41,128.41,112.41,63.413,74.412,52.413,44.413,90.412,50.413,-18.587,-7.5875,-9.5875,-49.587,-37.587,-115.59,-150.59,-138.59,-127.59,-107.59,-110.59,-102.59,-72.588,-68.588,-151.59,-111.59,-85.588,-96.588,-70.588,-19.587,11.413,54.413,65.412,71.412,46.413,81.412,132.41,123.41,124.41,87.412,131.41,148.41,90.412,56.413,72.412,0.4125,-58.587,-16.587,5.4125,1.4125,-57.587,-113.59,-177.59,-226.59,-276.59,-215.59,-124.59,-99.588,-106.59,-110.59,-105.59,-74.588,-49.587,20.413,43.413,-8.5875,20.413,34.413,87.412,152.41,72.412,-4.5875,0.4125,4.4125,39.413,50.413,27.413,33.413
-15.335,68.665,128.66,81.665,5.665,5.665,39.665,83.665,120.67,148.66,10.665,-77.335,-36.335,-1.335,37.665,11.665,2.665,-36.335,-38.335,-45.335,-82.335,-124.33,-64.335,-53.335,-81.335,-20.335,-86.335,-52.335,-2.335,3.665,93.665,30.665,88.665,103.67,39.665,63.665,61.665,87.665,63.665,-20.335,-16.335,43.665,67.665,54.665,69.665,107.67,135.66,92.665,28.665,24.665,88.665,98.665,84.665,-0.335,-44.335,-36.335,19.665,-5.335,-56.335,-173.34,-167.34,-70.335,34.665,-17.335,-130.34,-112.33,-128.34,-93.335,-12.335,109.67,179.66,-87.335,-54.335,14.665,15.665,125.67,182.66,113.67,71.665,74.665,92.665,178.66,-2.335,-9.335,2.665,14.665,67.665,69.665,26.665,36.665,17.665,-20.335,2.665,-64.335,-32.335,-4.335,-10.335,-31.335,-166.34,-136.34,-66.335,-43.335,28.665,-44.335,-48.335,-26.335,-38.335,-9.335,58.665,137.66,10.665,-99.335,-126.33,-64.335,19.665,-59.335,-77.335,-65.335,29.665,38.665,-24.335,-61.335,-92.335,-21.335,21.665,58.665,93.665,31.665,-19.335,-4.335,73.665,38.665,6.665,-29.335,-31.335,9.665,35.665,89.665,-46.335,-97.335,-41.335,74.665,78.665,50.665,-17.335,-14.335,29.665,118.67,99.665,56.665,33.665,12.665,70.665,130.66,143.66,-2.335,-51.335,-63.335,-33.335,-23.335,-75.335,-116.33,-40.335,-26.335,-19.335,-159.34,-119.33,-95.335,-61.335,-14.335,-39.335,-18.335,49.665,63.665,86.665,104.67,-1.335,43.665,60.665,90.665,102.67,82.665,32.665,77.665,56.665,52.665,69.665,37.665,-95.335,-110.33,-80.335,-4.335,26.665,50.665,42.665,-16.335,-73.335,-76.335,-63.335,-1.335,34.665,147.66,14.665,-81.335,-60.335,-53.335,-45.335,28.665,11.665,-4.335,-68.335,3.665,19.665,-61.335,-117.33,-70.335,27.665,108.67,129.66,48.665,47.665,121.67,100.67,88.665,-13.335,-21.335,27.665,50.665,35.665,-42.335,-43.335,-35.335,1.665,72.665,17.665,-14.335,-68.335,-56.335,-37.335,-56.335,-131.34,-97.335,-71.335,26.665,-14.335,-96.335,-55.335,-33.335,4.665,34.665,31.665,22.665,33.665,-61.335,-91.335,7.665,35.665,77.665,102.67,-74.335,-274.33,-183.34,-69.335,-41.335,-22.335,3.665,-77.335,-161.34,-199.34,-121.33,-5.335,-65.335,-133.34,-53.335,-39.335,-51.335,-12.335,37.665,63.665,75.665,123.67,181.66,77.665,39.665,63.665,138.66,183.66,150.66,-7.335,-22.335,25.665,42.665,91.665,82.665,62.665,102.67,-8.335,1.665,-18.335,3.665,8.665,-35.335,-106.33,-129.34,-100.33,-87.335,-8.335,-3.335,-25.335,-128.34,-84.335,-30.335,-24.335,-1.335,63.665,38.665,52.665,4.665,26.665,71.665,71.665,-53.335,20.665,103.67,138.66,112.67,43.665,45.665,18.665,25.665,78.665,38.665,-49.335,-28.335,-35.335,-50.335,-0.335,-143.34,-170.34,-141.34,-128.34,-96.335,-100.33,-75.335,-12.335,-14.335,-169.34,-121.33,-97.335,-102.33,-61.335,16.665,40.665,78.665,78.665,82.665,63.665,86.665,145.66,142.66,141.66,96.665,147.66,159.66,109.67,74.665,95.665,-1.335,-83.335,-16.335,12.665,32.665,-56.335,-95.335,-177.34,-265.33,-326.33,-242.34,-152.34,-122.33,-92.335,-114.33,-119.33,-70.335,-35.335,55.665,72.665,-20.335,11.665,19.665,105.67,189.66,58.665,-42.335,-23.335,-2.335,48.665,69.665,63.665,102.67
-84.435,-60.435,-30.435,31.565,77.565,104.57,123.57,148.57,159.57,146.57,187.57,229.57,244.57,236.57,218.57,232.57,252.57,249.57,250.57,184.57,-39.435,-295.44,-414.44,-341.44,-262.44,-210.44,-149.44,-122.44,-162.44,-199.44,-252.44,-247.44,-221.44,-175.44,-106.44,-66.435,-23.435,6.565,54.565,115.57,158.57,159.57,140.57,122.57,107.57,90.565,50.565,10.565,-33.435,-72.435,-121.44,-140.44,-87.435,-13.435,-5.435,-159.44,-320.44,-355.44,-250.44,-98.435,31.565,109.57,125.57,140.57,200.57,241.57,219.57,198.57,187.57,155.57,107.57,160.57,156.57,124.57,116.57,93.565,63.565,61.565,76.565,79.565,94.565,36.565,52.565,53.565,14.565,-3.435,-54.435,-71.435,-67.435,-46.435,3.565,120.57,257.57,296.57,-147.44,-600.43,-646.43,-504.44,-350.44,-226.44,-125.44,-56.435,-23.435,25.565,64.565,47.565,26.565,18.565,-12.435,-51.435,-41.435,-43.435,-55.435,-71.435,-72.435,-5.435,64.565,124.57,159.57,184.57,213.57,252.57,226.57,194.57,120.57,22.565,-79.435,-146.44,-138.44,-131.44,-222.44,-346.44,-388.44,-359.44,-317.44,-251.44,-213.44,-216.44,-201.44,-180.44,-155.44,-153.44,-123.44,-74.435,-25.435,2.565,18.565,17.565,44.565,57.565,84.565,99.565,118.57,159.57,298.57,512.57,387.57,-180.44,-541.43,-537.43,-361.44,-203.44,-50.435,78.565,138.57,232.57,266.57,279.57,298.57,294.57,273.57,253.57,188.57,148.57,92.565,37.565,19.565,-8.435,-49.435,-91.435,-128.44,-131.44,-147.44,-191.44,-231.44,-239.44,-215.44,-103.44,-60.435,-244.44,-337.44,-285.44,-150.44,-69.435,30.565,97.565,151.57,152.57,142.57,126.57,110.57,89.565,135.57,159.57,178.57,201.57,196.57,158.57,139.57,129.57,159.57,122.57,78.565,36.565,27.565,20.565,20.565,17.565,10.565,16.565,-5.435,-21.435,42.565,229.57,468.57,358.57,-205.44,-656.43,-735.43,-591.43,-431.44,-306.44,-222.44,-162.44,-93.435,-43.435,-13.435,-39.435,-78.435,-105.44,-105.44,-90.435,-27.435,42.565,156.57,279.57,351.57,387.57,385.57,330.57,291.57,282.57,240.57,230.57,206.57,131.57,70.565,28.565,48.565,214.57,359.57,153.57,-229.44,-408.44,-341.44,-194.44,-65.435,-49.435,-110.44,-224.44,-269.44,-209.44,-137.44,-98.435,-55.435,-42.435,-73.435,-98.435,-98.435,-85.435,-97.435,-92.435,-23.435,23.565,59.565,81.565,113.57,153.57,218.57,219.57,215.57,230.57,233.57,246.57,261.57,255.57,315.57,348.57,371.57,454.57,605.57,862.57,933.57,380.57,-186.44,-573.43,-752.43,-759.43,-602.43,-367.44,-257.44,-251.44,-283.44,-303.44,-327.44,-363.44,-387.44,-410.44,-446.44,-524.43,-540.43,-452.44,-407.44,-368.44,-308.44,-241.44,-162.44,-88.435,-16.435,13.565,62.565,103.57,132.57,148.57,201.57,212.57,197.57,236.57,262.57,294.57,279.57,233.57,140.57,43.565,-0.435,14.565,82.565,97.565,81.565,3.565,4.565,26.565,44.565,63.565,61.565,40.565,20.565,-27.435,-64.435,-89.435,-82.435,-103.44,-144.44,-172.44,-201.44,-217.44,-217.44,-167.44,-102.44,-56.435,10.565,157.57,469.57,703.57,275.57,-244.44,-428.44,-305.44,-140.44,-21.435,85.565,196.57,242.57,235.57,207.57,156.57,125.57,126.57,114.57,113.57,108.57,93.565,107.57,117.57,93.565,102.57,106.57,101.57,95.565,125.57
156.85,80.855,19.855,3.855,-12.145,-48.145,-90.145,-118.15,-145.15,-151.15,-105.15,-81.145,-83.145,-93.145,-101.15,-94.145,-97.145,-94.145,-103.15,-83.145,-12.145,86.855,128.85,156.85,185.85,183.85,227.85,263.86,289.86,310.86,274.86,257.86,180.85,95.855,54.855,-4.145,-32.145,-68.145,-97.145,-103.15,-134.15,-185.15,-212.15,-220.15,-234.15,-242.15,-253.15,-225.15,-204.15,-181.15,-182.15,-169.15,-147.15,-101.15,-57.145,-16.145,20.855,54.855,67.855,90.855,86.855,84.855,113.85,213.85,326.86,338.86,318.86,272.86,194.85,93.855,28.855,86.855,57.855,7.855,-31.145,-117.15,-176.15,-172.15,-162.15,-160.15,-149.15,-167.15,-100.15,-95.145,-119.15,-153.15,-202.15,-219.15,-204.15,-202.15,-176.15,-140.15,-102.15,-21.145,76.855,163.85,214.85,243.85,313.86,325.86,299.86,273.86,214.85,205.85,189.85,184.85,203.85,199.85,175.85,140.85,140.85,122.85,70.855,-18.145,-95.145,-96.145,-107.15,-115.15,-156.15,-181.15,-177.15,-157.15,-138.15,-126.15,-78.145,-40.145,-19.145,15.855,26.855,9.855,-26.145,-11.145,12.855,90.855,163.85,210.85,238.85,223.85,223.85,175.85,93.855,2.855,-41.145,-48.145,-58.145,-99.145,-143.15,-196.15,-198.15,-183.15,-166.15,-148.15,-164.15,-195.15,-214.15,-187.15,-137.15,-46.145,25.855,79.855,142.85,209.85,237.85,257.86,250.85,257.86,212.85,162.85,129.85,103.85,84.855,40.855,-39.145,-97.145,-153.15,-203.15,-217.15,-270.14,-300.14,-329.14,-349.14,-342.14,-311.14,-293.14,-253.15,-179.15,-96.145,-17.145,85.855,123.85,112.85,33.855,-30.145,-57.145,-41.145,22.855,100.85,138.85,176.85,198.85,223.85,208.85,250.85,283.86,259.86,225.85,186.85,124.85,96.855,63.855,70.855,45.855,20.855,-13.145,-57.145,-136.15,-210.15,-267.14,-290.14,-285.14,-310.14,-329.14,-298.14,-278.14,-241.15,-197.15,-171.15,-141.15,-91.145,-41.145,-17.145,23.855,52.855,79.855,167.85,266.86,353.86,402.86,454.86,479.86,461.86,367.86,274.86,162.85,93.855,44.855,-34.145,-97.145,-171.15,-233.15,-262.14,-263.14,-271.14,-230.15,-198.15,-206.15,-188.15,-176.15,-157.15,-81.145,-11.145,-26.145,-2.145,52.855,104.85,201.85,384.86,544.86,573.86,474.86,381.86,370.86,356.86,261.86,164.85,82.855,-4.145,-62.145,-94.145,-107.15,-144.15,-183.15,-184.15,-207.15,-250.15,-308.14,-352.14,-360.14,-317.14,-315.14,-316.14,-268.14,-213.15,-156.15,-138.15,-161.15,-160.15,-175.15,-158.15,-99.145,-6.145,84.855,188.85,265.86,339.86,428.86,426.86,364.86,295.86,263.86,188.85,114.85,57.855,19.855,-6.145,-13.145,-22.145,-11.145,4.855,-17.145,-75.145,-99.145,-180.15,-249.15,-286.14,-291.14,-283.14,-272.14,-227.15,-190.15,-156.15,-84.145,4.855,30.855,65.855,97.855,97.855,134.85,143.85,143.85,153.85,160.85,176.85,190.85,207.85,233.85,306.86,337.86,345.86,254.85,147.85,70.855,23.855,-47.145,-126.15,-200.15,-258.14,-316.14,-358.14,-364.14,-343.14,-327.14,-357.14,-353.14,-325.14,-293.14,-245.15,-147.15,-40.145,14.855,70.855,145.85,212.85,221.85,288.86,403.86,507.86,501.86,422.86,333.86,258.86,241.85,212.85,158.85,98.855,27.855,-6.145,0.855,-26.145,-43.145,-99.145,-165.15,-150.15,-151.15,-180.15,-198.15,-213.15,-231.15,-246.15,-284.14
71.9,29.9,16.9,46.9,87.9,93.9,70.9,33.9,12.9,14.9,74.9,83.9,47.9,15.9,-3.1,9.9,-1.1,0.9,-24.1,-21.1,15.9,44.9,16.9,2.9,21.9,-10.1,29.9,23.9,2.9,15.9,-1.1,34.9,22.9,39.9,65.9,48.9,38.9,6.9,-18.1,-5.1,-25.1,-48.1,-66.1,-54.1,-66.1,-98.1,-111.1,-53.1,-2.1,6.9,-16.1,9.9,29.9,41.9,30.9,19.9,16.9,17.9,33.9,94.9,95.9,32.9,-6.1,18.9,61.9,40.9,60.9,20.9,-9.1,-67.1,-84.1,28.9,0.9,-18.1,-13.1,-70.1,-76.1,-14.1,20.9,27.9,25.9,27.9,102.9,72.9,50.9,38.9,6.9,11.9,20.9,13.9,40.9,52.9,-1.1,0.9,-2.1,5.9,20.9,11.9,60.9,-11.1,-77.1,-95.1,-110.1,-73.1,-54.1,-38.1,10.9,10.9,-9.1,-28.1,-14.1,39.9,21.9,-35.1,-91.1,-62.1,-48.1,-26.1,-71.1,-73.1,-31.1,-24.1,-3.1,-53.1,-41.1,-54.1,-49.1,1.9,27.9,-1.1,-60.1,-27.1,-2.1,23.9,33.9,-4.1,-7.1,-3.1,72.9,83.9,13.9,-54.1,-44.1,-15.1,32.9,51.9,40.9,18.9,15.9,37.9,42.9,47.9,-10.1,-55.1,-70.1,-41.1,-46.1,1.9,17.9,42.9,82.9,133.9,50.9,-8.1,-13.1,-6.1,-62.1,-79.1,-98.1,-97.1,-70.1,-47.1,-53.1,-66.1,-69.1,-68.1,0.9,-32.1,-42.1,-41.1,-45.1,-24.1,7.9,9.9,67.9,97.9,86.9,89.9,151.9,155.9,109.9,16.9,-27.1,-4.1,-46.1,-30.1,-6.1,-12.1,-14.1,-59.1,-76.1,-135.1,-63.1,-1.1,-3.1,-20.1,-4.1,4.9,62.9,107.9,133.9,128.9,128.9,130.9,77.9,14.9,-70.1,-116.1,-103.1,-32.1,-29.1,-57.1,-54.1,-65.1,-47.1,-90.1,-109.1,-111.1,-98.1,-76.1,-94.1,-106.1,-118.1,-131.1,-69.1,-8.1,68.9,118.9,168.9,225.9,227.9,142.9,89.9,33.9,35.9,68.9,42.9,42.9,10.9,10.9,22.9,12.9,-12.1,7.9,8.9,-68.1,-97.1,-125.1,-139.1,-77.1,-2.1,-68.1,-62.1,-16.1,20.9,31.9,92.9,113.9,50.9,-13.1,-52.1,12.9,78.9,71.9,98.9,144.9,132.9,91.9,43.9,16.9,-3.1,-32.1,-15.1,-11.1,-31.1,-58.1,-106.1,-75.1,26.9,83.9,81.9,78.9,27.9,2.9,-0.1,-27.1,-27.1,-71.1,-67.1,-94.1,-119.1,-121.1,-85.1,-17.1,7.9,50.9,46.9,38.9,19.9,35.9,0.9,-30.1,-23.1,-19.1,-16.1,49.9,113.9,209.9,236.9,197.9,76.9,6.9,-82.1,-101.1,-107.1,-83.1,-39.1,-48.1,-39.1,-23.1,-77.1,-55.1,-0.1,-27.1,-44.1,-26.1,-23.1,1.9,-7.1,-51.1,-68.1,-101.1,-101.1,-93.1,-92.1,-49.1,110.9,202.9,245.9,180.9,37.9,-66.1,-91.1,-110.1,-91.1,-48.1,9.9,17.9,0.9,35.9,24.9,49.9,4.9,-15.1,8.9,27.9,27.9,67.9,96.9,38.9,4.9,-24.1,-7.1,13.9,82.9,123.9,147.9,85.9,7.9,-34.1,-50.1,-45.1,-32.1,-28.1,-19.1,-47.1,-56.1,-14.1,-39.1,-47.1,-107.1,-173.1,-108.1,-75.1,-83.1,-84.1,-81.1,-54.1,-10.1,-12.1
97.925,26.925,-10.075,6.925,77.925,62.925,34.925,-31.075,-69.075,-27.075,59.925,71.925,-6.075,-33.075,-28.075,5.925,-12.075,-12.075,-65.075,-42.075,-6.075,-1.075,-52.075,-82.075,-30.075,-48.075,47.925,16.925,7.925,45.925,-18.075,9.925,-34.075,9.925,43.925,13.925,2.925,22.925,13.925,54.925,12.925,-16.075,-2.075,47.925,45.925,-4.075,-6.075,88.925,170.93,137.93,47.925,62.925,64.925,68.925,35.925,-12.075,-61.075,-57.075,-18.075,58.925,55.925,-47.075,-92.075,-41.075,-0.075,-27.075,54.925,-10.075,-52.075,-68.075,-34.075,145.93,84.925,78.925,111.93,23.925,8.925,86.925,133.93,129.93,62.925,84.925,177.93,81.925,29.925,24.925,11.925,34.925,83.925,62.925,64.925,87.925,-2.075,3.925,-31.075,-42.075,-41.075,-28.075,84.925,-9.075,-91.075,-88.075,-92.075,-31.075,-48.075,-28.075,30.925,11.925,-13.075,-15.075,-10.075,52.925,51.925,-25.075,-99.075,-39.075,-8.075,19.925,-30.075,-12.075,43.925,38.925,87.925,-6.075,-31.075,-52.075,-31.075,48.925,55.925,7.925,-100.08,-16.075,19.925,17.925,10.925,-46.075,-60.075,-34.075,72.925,84.925,14.925,-16.075,66.925,103.93,174.93,200.93,175.93,97.925,104.93,154.93,127.93,143.93,69.925,-16.075,-10.075,-7.075,-84.075,-57.075,-70.075,-51.075,-30.075,41.925,-114.08,-176.07,-149.07,-64.075,-53.075,5.925,2.925,3.925,69.925,87.925,95.925,64.925,52.925,75.925,170.93,89.925,57.925,54.925,48.925,58.925,74.925,3.925,33.925,15.925,-68.075,-110.08,-37.075,19.925,26.925,-24.075,-23.075,81.925,-25.075,12.925,62.925,79.925,76.925,12.925,-13.075,-79.075,10.925,86.925,37.925,-8.075,-14.075,-41.075,-8.075,18.925,-5.075,-16.075,-14.075,-4.075,-17.075,-50.075,-133.07,-154.07,-94.075,13.925,27.925,-17.075,-1.075,-10.075,66.925,-21.075,-66.075,-73.075,-31.075,11.925,-16.075,-46.075,-55.075,-73.075,-9.075,16.925,69.925,78.925,82.925,98.925,54.925,-85.075,-86.075,-74.075,27.925,102.93,46.925,13.925,-37.075,-19.075,0.925,-12.075,-16.075,43.925,4.925,-84.075,-102.08,-145.07,-168.07,-74.075,62.925,-62.075,-101.08,-64.075,-43.075,-80.075,-40.075,-29.075,-108.08,-134.07,-144.07,-49.075,26.925,8.925,43.925,100.93,100.93,42.925,2.925,7.925,17.925,-6.075,-11.075,-3.075,-16.075,-24.075,-99.075,-60.075,69.925,152.93,91.925,58.925,-29.075,-63.075,-47.075,-9.075,92.925,92.925,141.93,45.925,-9.075,-53.075,-43.075,20.925,-47.075,-31.075,-76.075,-55.075,-91.075,-47.075,-88.075,-99.075,-63.075,-89.075,-131.07,-79.075,-49.075,36.925,18.925,10.925,-41.075,-29.075,-73.075,-35.075,-19.075,47.925,139.93,87.925,78.925,110.93,26.925,61.925,114.93,36.925,-41.075,-46.075,-81.075,-61.075,-88.075,-175.07,-197.07,-237.07,-221.07,-227.07,-257.07,-224.07,-63.075,-83.075,-127.08,-95.075,-85.075,-30.075,12.925,9.925,55.925,119.93,202.93,215.93,152.93,212.93,176.93,260.93,180.93,113.93,157.93,156.93,80.925,106.93,98.925,-53.075,-114.08,-180.07,-204.07,-176.07,-117.08,-124.08,-132.07,-298.07,-354.07,-258.07,-142.07,-82.075,-26.075,-1.075,38.925,11.925,15.925,95.925,64.925,27.925,-51.075,-115.08,10.925,99.925,100.93,51.925,-24.075,-18.075,48.925,15.925
-285.48,-324.48,-354.48,-329.48,-303.48,-276.48,-267.48,-259.48,-271.48,-303.48,-247.48,-217.48,-204.48,-208.48,-197.48,-126.48,-11.483,182.52,433.52,644.52,875.52,980.52,865.52,711.52,539.52,341.52,170.52,22.517,-76.483,-141.48,-216.48,-249.48,-305.48,-328.48,-320.48,-291.48,-231.48,-186.48,-103.48,-13.483,36.517,28.517,31.517,37.517,24.517,-0.4825,-25.483,-45.483,-51.483,-52.483,-54.483,-27.483,54.517,283.52,612.52,758.52,671.52,572.52,464.52,383.52,300.52,199.52,96.517,66.517,105.52,104.52,143.52,165.52,89.517,-0.4825,-101.48,-107.48,-188.48,-285.48,-340.48,-399.48,-445.48,-451.48,-429.48,-425.48,-411.48,-457.48,-383.48,-352.48,-343.48,-325.48,-338.48,-326.48,-281.48,-253.48,-218.48,-167.48,-61.483,188.52,474.52,600.52,572.52,521.52,539.52,512.52,462.52,443.52,354.52,287.52,235.52,122.52,68.517,47.517,2.5175,-32.483,26.517,81.517,125.52,129.52,105.52,108.52,97.517,67.517,18.517,-4.4825,-22.483,-18.483,-35.483,-60.483,-107.48,-148.48,-184.48,-199.48,-193.48,-160.48,-57.483,13.517,42.517,70.517,74.517,49.517,-44.483,-181.48,-232.48,-253.48,-286.48,-336.48,-340.48,-324.48,-303.48,-295.48,-304.48,-322.48,-301.48,-314.48,-298.48,-279.48,-264.48,-228.48,-164.48,92.517,444.52,783.52,920.52,858.52,726.52,571.52,425.52,276.52,122.52,86.517,46.517,30.517,46.517,9.5175,-30.483,-70.483,-129.48,-145.48,-195.48,-230.48,-208.48,-200.48,-190.48,-154.48,-92.483,-24.483,21.517,51.517,83.517,128.52,158.52,194.52,269.52,305.52,335.52,312.52,292.52,293.52,415.52,422.52,380.52,302.52,204.52,78.517,-95.483,-264.48,-321.48,-379.48,-426.48,-418.48,-424.48,-459.48,-458.48,-455.48,-408.48,-444.48,-446.48,-420.48,-378.48,-362.48,-344.48,-330.48,-315.48,-272.48,-258.48,-264.48,-232.48,-179.48,-62.483,196.52,533.52,812.52,901.52,839.52,744.52,612.52,437.52,218.52,34.517,-85.483,-165.48,-259.48,-337.48,-368.48,-343.48,-330.48,-306.48,-307.48,-247.48,-181.48,-133.48,-84.483,-6.4825,73.517,159.52,228.52,236.52,262.52,277.52,223.52,204.52,189.52,180.52,346.52,615.52,813.52,691.52,548.52,408.52,273.52,164.52,39.517,-59.483,-142.48,-156.48,-109.48,-78.483,-118.48,-131.48,-117.48,-71.483,4.5175,24.517,-17.483,-85.483,-143.48,-147.48,-161.48,-186.48,-235.48,-258.48,-257.48,-243.48,-297.48,-348.48,-387.48,-397.48,-369.48,-353.48,-358.48,-301.48,-283.48,-276.48,-248.48,-233.48,-190.48,-4.4825,303.52,556.52,585.52,482.52,381.52,353.52,367.52,392.52,463.52,470.52,450.52,364.52,224.52,110.52,17.517,-87.483,-182.48,-166.48,-49.483,-12.483,-19.483,-12.483,-34.483,-37.483,-55.483,-84.483,-142.48,-183.48,-184.48,-167.48,-165.48,-114.48,-77.483,-25.483,170.52,347.52,464.52,521.52,577.52,619.52,621.52,554.52,443.52,294.52,94.517,-67.483,-213.48,-240.48,-278.48,-298.48,-312.48,-318.48,-350.48,-363.48,-395.48,-419.48,-436.48,-417.48,-430.48,-449.48,-454.48,-427.48,-410.48,-393.48,-332.48,-272.48,-235.48,-191.48,-144.48,-22.483,144.52,520.52,927.52,1077.5,1010.5,907.52,772.52,624.52,430.52,230.52,58.517,-80.483,-218.48,-294.48,-309.48,-334.48,-348.48,-368.48,-402.48,-377.48,-358.48,-372.48,-365.48,-376.48,-387.48,-395.48,-365.48
102.5,46.5,-13.5,-30.5,-46.5,-74.5,-110.5,-136.5,-157.5,-176.5,-116.5,-98.5,-117.5,-148.5,-160.5,-135.5,-104.5,-58.5,-34.5,11.5,91.5,186.5,201.5,216.5,229.5,196.5,215.5,189.5,159.5,165.5,142.5,143.5,52.5,-11.5,-48.5,-86.5,-103.5,-141.5,-158.5,-141.5,-156.5,-202.5,-214.5,-201.5,-202.5,-212.5,-213.5,-182.5,-155.5,-151.5,-176.5,-176.5,-164.5,-115.5,-46.5,47.5,171.5,306.5,389.5,391.5,289.5,143.5,60.5,99.5,170.5,176.5,198.5,169.5,111.5,47.5,-12.5,43.5,-17.5,-82.5,-118.5,-190.5,-231.5,-218.5,-199.5,-200.5,-200.5,-195.5,-0.5,148.5,246.5,276.5,183.5,66.5,-41.5,-147.5,-184.5,-175.5,-163.5,-81.5,4.5,80.5,127.5,138.5,214.5,236.5,212.5,175.5,110.5,109.5,84.5,35.5,18.5,-30.5,-92.5,-82.5,94.5,266.5,363.5,313.5,201.5,128.5,25.5,-79.5,-199.5,-241.5,-238.5,-214.5,-192.5,-202.5,-197.5,-198.5,-193.5,-162.5,-133.5,-130.5,-114.5,-52.5,8.5,90.5,122.5,132.5,191.5,283.5,415.5,470.5,365.5,176.5,27.5,-73.5,-124.5,-155.5,-168.5,-182.5,-160.5,-147.5,-132.5,-113.5,-144.5,-161.5,-174.5,-103.5,-27.5,70.5,128.5,129.5,111.5,76.5,74.5,226.5,397.5,490.5,378.5,222.5,93.5,-32.5,-111.5,-162.5,-213.5,-213.5,-224.5,-227.5,-162.5,-154.5,-155.5,-159.5,-154.5,-140.5,-120.5,-148.5,-155.5,-158.5,-114.5,105.5,361.5,434.5,398.5,252.5,133.5,32.5,-11.5,4.5,66.5,97.5,111.5,90.5,65.5,-1.5,29.5,35.5,-0.5,-16.5,-39.5,-99.5,-125.5,-170.5,-193.5,-253.5,-162.5,94.5,262.5,258.5,139.5,-18.5,-140.5,-210.5,-286.5,-339.5,-324.5,-301.5,-230.5,-150.5,-66.5,18.5,100.5,166.5,175.5,163.5,121.5,65.5,50.5,32.5,12.5,-29.5,-65.5,20.5,315.5,488.5,458.5,272.5,136.5,33.5,-82.5,-144.5,-187.5,-189.5,-161.5,-121.5,-98.5,-37.5,12.5,-6.5,-3.5,-14.5,-21.5,73.5,165.5,156.5,131.5,99.5,42.5,-35.5,-37.5,142.5,419.5,443.5,311.5,227.5,156.5,33.5,-46.5,-83.5,-108.5,-98.5,-84.5,-66.5,-86.5,-127.5,-127.5,-129.5,-154.5,-201.5,-223.5,-213.5,-163.5,-186.5,-244.5,-263.5,-188.5,29.5,133.5,121.5,114.5,43.5,-27.5,-70.5,-95.5,-108.5,-63.5,19.5,87.5,133.5,123.5,100.5,102.5,127.5,102.5,95.5,106.5,94.5,43.5,4.5,-53.5,-118.5,-209.5,-160.5,157.5,365.5,271.5,99.5,-38.5,-133.5,-181.5,-233.5,-234.5,-235.5,-242.5,-200.5,-139.5,-131.5,-101.5,-66.5,-65.5,13.5,67.5,101.5,145.5,180.5,198.5,196.5,171.5,151.5,142.5,31.5,41.5,352.5,508.5,384.5,207.5,39.5,-80.5,-185.5,-250.5,-301.5,-335.5,-328.5,-304.5,-262.5,-261.5,-232.5,-178.5,-130.5,-116.5,-47.5,14.5,9.5,19.5,23.5,54.5,65.5,148.5,242.5,384.5,541.5,575.5,503.5,398.5,279.5,168.5,63.5,-21.5,-102.5,-137.5,-119.5,-146.5,-166.5,-216.5,-265.5,-210.5,-168.5,-174.5,-169.5,-181.5,-186.5,-188.5,-198.5
-114.63,-152.63,-169.63,-130.63,-76.627,-65.627,-67.627,-67.627,-44.627,18.373,170.37,269.37,278.37,278.37,268.37,256.37,221.37,194.37,111.37,67.373,40.373,9.3725,-65.627,-112.63,-115.63,-158.63,-121.63,-161.63,-210.63,-206.63,-245.63,-188.63,-179.63,-95.627,-14.627,41.373,102.37,135.37,152.37,200.37,148.37,75.373,54.373,57.373,4.3725,-56.627,-83.627,-48.627,-6.6275,-25.627,-81.627,-88.627,-92.627,-101.63,-126.63,-134.63,-144.63,-110.63,-1.6275,156.37,233.37,178.37,135.37,166.37,179.37,105.37,106.37,13.373,-72.627,-135.63,-148.63,-11.627,-40.627,-56.627,-50.627,-117.63,-141.63,-85.627,-55.627,-69.627,-126.63,-161.63,-72.627,-66.627,4.3725,135.37,223.37,295.37,325.37,266.37,237.37,227.37,139.37,98.373,23.373,-9.6275,-21.627,-37.627,39.373,-29.627,-87.627,-98.627,-105.63,-37.627,-32.627,-55.627,-53.627,-110.63,-185.63,-245.63,-229.63,-137.63,-4.6275,88.373,151.37,244.37,229.37,175.37,86.373,69.373,61.373,11.373,1.3725,-71.627,-88.627,-101.63,-83.627,-3.6275,31.373,12.373,-58.627,-14.627,-17.627,-42.627,-84.627,-170.63,-219.63,-202.63,-12.627,175.37,218.37,182.37,172.37,138.37,146.37,143.37,117.37,54.373,40.373,43.373,40.373,73.373,22.373,-28.627,-33.627,-10.627,-5.6275,23.373,6.3725,-14.627,-38.627,-65.627,-166.63,-154.63,-24.627,128.37,113.37,60.373,-32.627,-101.63,-103.63,-111.63,-115.63,-109.63,-92.627,-53.627,72.373,92.373,117.37,132.37,157.37,159.37,166.37,105.37,110.37,109.37,81.373,143.37,230.37,195.37,85.373,-75.627,-144.63,-158.63,-213.63,-201.63,-160.63,-139.63,-107.63,-122.63,-99.627,-109.63,18.373,103.37,97.373,91.373,97.373,68.373,79.373,43.373,3.3725,-42.627,24.373,176.37,245.37,164.37,0.3725,-153.63,-229.63,-201.63,-218.63,-257.63,-261.63,-292.63,-270.63,-265.63,-236.63,-180.63,-88.627,0.3725,26.373,38.373,25.373,10.373,64.373,86.373,99.373,82.373,78.373,165.37,363.37,439.37,371.37,168.37,34.373,-44.627,-132.63,-128.63,-144.63,-132.63,-149.63,-181.63,-201.63,-138.63,-96.627,-114.63,-93.627,-83.627,-81.627,11.373,114.37,40.373,-5.6275,-14.627,-56.627,-129.63,-77.627,122.37,353.37,338.37,161.37,84.373,39.373,-44.627,-22.627,14.373,-10.627,-58.627,-100.63,-121.63,-124.63,-114.63,-53.627,11.373,32.373,31.373,26.373,88.373,221.37,330.37,388.37,392.37,186.37,-69.627,-273.63,-364.63,-319.63,-275.63,-192.63,-164.63,-153.63,-151.63,-98.627,-1.6275,27.373,81.373,91.373,109.37,138.37,182.37,138.37,110.37,106.37,65.373,9.3725,11.373,-7.6275,47.373,161.37,290.37,269.37,94.373,-188.63,-344.63,-381.63,-324.63,-206.63,-173.63,-144.63,-151.63,-220.63,-174.63,-71.627,-39.627,12.373,77.373,78.373,133.37,135.37,98.373,80.373,61.373,66.373,57.373,26.373,34.373,102.37,53.373,157.37,329.37,237.37,0.3725,-159.63,-277.63,-277.63,-216.63,-133.63,-103.63,-146.63,-176.63,-213.63,-150.63,-149.63,-95.627,30.373,142.37,178.37,253.37,299.37,210.37,156.37,102.37,83.373,86.373,208.37,409.37,549.37,324.37,-42.627,-283.63,-348.63,-341.63,-301.63,-255.63,-214.63,-215.63,-210.63,-145.63,-145.63,-136.63,-160.63,-171.63,-31.627,94.373,152.37,181.37,183.37,202.37,232.37,225.37
109.66,28.663,-36.337,-16.337,66.662,23.663,-31.337,-116.34,-154.34,-88.338,17.663,33.663,-37.337,-60.337,-45.337,-3.3375,-17.337,-2.3375,-51.337,-17.337,21.663,44.663,-5.3375,-25.337,32.663,-2.3375,103.66,77.662,38.663,65.662,-27.337,-26.337,-92.338,-39.337,-10.338,-39.337,-35.337,-11.338,-20.337,40.663,2.6625,-31.337,-14.338,57.663,62.663,10.663,14.663,128.66,201.66,146.66,39.663,55.663,56.663,52.663,10.663,-19.337,-66.338,-71.338,-3.3375,69.662,77.662,-35.337,-83.338,-8.3375,26.663,-6.3375,67.662,-36.337,-102.34,-128.34,-71.338,145.66,67.662,81.662,106.66,2.6625,-3.3375,96.662,127.66,120.66,49.663,72.662,177.66,92.662,43.663,52.663,51.663,87.662,131.66,102.66,114.66,129.66,15.663,11.663,-46.337,-71.338,-60.337,-55.337,78.662,-42.337,-128.34,-124.34,-118.34,-47.337,-64.338,-56.337,9.6625,-13.338,-53.337,-56.337,-43.337,31.663,41.663,-70.338,-134.34,-34.337,1.6625,48.663,-21.337,11.663,67.662,58.663,124.66,30.663,3.6625,-41.337,-35.337,56.663,43.663,-4.3375,-125.34,-24.337,18.663,5.6625,-23.337,-116.34,-135.34,-114.34,-9.3375,3.6625,-90.338,-99.338,-16.337,67.662,156.66,202.66,202.66,136.66,169.66,230.66,209.66,240.66,136.66,36.663,52.663,28.663,-44.337,-35.337,-69.338,-68.338,-65.338,-39.337,-238.34,-317.34,-307.34,-224.34,-183.34,-107.34,-102.34,-93.338,-20.337,8.6625,8.6625,-9.3375,2.6625,46.663,176.66,108.66,102.66,116.66,131.66,130.66,135.66,30.663,44.663,10.663,-122.34,-189.34,-112.34,-54.337,-46.337,-100.34,-75.338,21.663,-99.338,-70.338,-25.337,-6.3375,-7.3375,-65.338,-65.338,-116.34,31.663,126.66,78.662,58.663,62.663,52.663,99.662,122.66,111.66,67.662,49.663,48.663,-7.3375,-37.337,-107.34,-135.34,-92.338,14.663,-21.337,-108.34,-97.338,-104.34,-36.337,-118.34,-157.34,-148.34,-78.338,-5.3375,-29.337,-37.337,-39.337,-42.337,39.663,80.662,139.66,148.66,148.66,167.66,132.66,-25.337,-12.338,-7.3375,112.66,220.66,119.66,68.662,-41.337,-42.337,-34.337,-52.337,-50.337,29.663,3.6625,-109.34,-128.34,-167.34,-177.34,-66.338,89.662,-62.337,-118.34,-81.338,-71.338,-136.34,-102.34,-83.338,-147.34,-155.34,-137.34,28.663,144.66,110.66,155.66,234.66,218.66,133.66,80.662,65.662,50.663,34.663,22.663,52.663,15.663,-21.337,-123.34,-110.34,-26.337,-4.3375,-139.34,-201.34,-302.34,-283.34,-219.34,-146.34,-19.337,-21.337,25.663,-54.337,-76.338,-82.338,-14.338,107.66,93.662,122.66,110.66,144.66,138.66,148.66,72.662,44.663,72.662,15.663,-52.337,-19.337,-45.337,-4.3375,-72.338,-126.34,-163.34,-122.34,-187.34,-140.34,-117.34,-72.338,22.663,-61.337,-40.337,21.663,-36.337,50.663,153.66,111.66,87.662,141.66,123.66,168.66,151.66,59.663,20.663,-48.337,-53.337,-71.338,-110.34,-83.338,69.662,-30.337,-142.34,-169.34,-220.34,-193.34,-130.34,-101.34,-23.337,47.663,79.662,58.663,-20.337,38.663,35.663,178.66,131.66,122.66,224.66,276.66,231.66,298.66,339.66,164.66,83.662,-5.3375,-61.337,-92.338,-82.338,-106.34,-124.34,-310.34,-359.34,-265.34,-152.34,-117.34,-88.338,-71.338,-61.337,-93.338,-93.338,11.663,4.6625,-11.338,-90.338,-127.34,58.663,190.66,228.66,205.66,149.66,170.66,232.66,201.66
