30.875,32.875,38.875,44.875,39.875,22.875,9.875,-1.125,-17.125,-14.125,-11.125,-8.125,-7.125,-16.125,-17.125,-22.125,-17.125,5.875,20.875,19.875,18.875,21.875,29.875,35.875,41.875,38.875,36.875,21.875,21.875,26.875,16.875,13.875,22.875,26.875,28.875,23.875,20.875,22.875,27.875,26.875,23.875,18.875,28.875,21.875,7.875,-1.125,-0.125,8.875,-0.125,-18.125,-21.125,-17.125,-19.125,-28.125,-33.125,-19.125,-2.125,4.875,6.875,0.875,-5.125,-22.125,-32.125,-50.125,-51.125,-20.125,-10.125,-11.125,-14.125,-27.125,-31.125,-22.125,-0.125,17.875,22.875,21.875,15.875,10.875,10.875,12.875,14.875,18.875,9.875,3.875,-0.125,-3.125,-14.125,-22.125,-18.125,-13.125,-16.125,-23.125,-30.125,-38.125,-39.125,-32.125,-15.125,-3.125,7.875,-4.125,-17.125,-11.125,5.875,23.875,27.875,10.875,-2.125,-8.125,-6.125,-6.125,-13.125,-9.125,-1.125,6.875,6.875,12.875,16.875,18.875,11.875,5.875,-2.125,-3.125,4.875,6.875,7.875,10.875,7.875,5.875,15.875,30.875,21.875,19.875,14.875,16.875,3.875,-1.125,-3.125,4.875,14.875,12.875,12.875,10.875,-1.125,2.875,13.875,13.875,2.875,-8.125,-8.125,-6.125,-13.125,-28.125,-26.125,-25.125,-31.125,-37.125,-25.125,-7.125,-4.125,-1.125,-4.125,-4.125,-3.125,-3.125,-5.125,-1.125,-9.125,-20.125,-15.125,-18.125,-34.125,-40.125,-41.125,-33.125,-22.125,-23.125,-33.125,-47.125,-67.125,-74.125,-62.125,-45.125,-44.125,-45.125,-42.125,-42.125,-47.125,-38.125,-30.125,-31.125,-21.125,-11.125,-3.125,-2.125,-0.125,9.875,26.875,38.875,45.875,43.875,34.875,15.875,9.875,5.875,2.875,17.875,28.875,20.875,3.875,-1.125,7.875,19.875,21.875,10.875,-5.125,1.875,13.875,18.875,8.875,2.875,11.875,3.875,1.875,-6.125,4.875,11.875,13.875,19.875,13.875,16.875,20.875,18.875,14.875,4.875,4.875,-7.125,-17.125,-21.125,-3.125,6.875,11.875,2.875,-16.125,-7.125,10.875,12.875,3.875,-13.125,-4.125,10.875,7.875,-10.125,-26.125,-18.125,-0.125,10.875,5.875,9.875,10.875,10.875,12.875,19.875,19.875,16.875,11.875,5.875,-11.125,-16.125,-17.125,-6.125,16.875,23.875,33.875,45.875,31.875,6.875,-0.125,-6.125,5.875,17.875,15.875,15.875,13.875,10.875,23.875,27.875,17.875,9.875,-1.125,-1.125,3.875,9.875,14.875,17.875,27.875,20.875,20.875,10.875,4.875,7.875,0.875,0.875,2.875,5.875,-6.125,-11.125,-17.125,-8.125,1.875,-0.125,-0.125,-0.125,8.875,15.875,24.875,36.875,44.875,48.875,31.875,25.875,22.875,17.875,8.875,-8.125,-4.125,-21.125,-35.125,-32.125,-31.125,-21.125,-1.125,25.875,34.875,25.875,13.875,12.875,18.875,25.875,27.875,30.875,20.875,17.875,-5.125,-14.125,-1.125,8.875,4.875,-11.125,-35.125,-38.125,-43.125,-48.125,-34.125,-18.125,-8.125,3.875,15.875,21.875,28.875,24.875,17.875,13.875,15.875,15.875,-1.125,-7.125,1.875,13.875,11.875,5.875,-15.125,-28.125,-17.125,-23.125,-39.125,-48.125,-41.125,-24.125,-11.125,-5.125,-16.125,-27.125,-26.125,-11.125,-11.125,-21.125,-22.125,-27.125,-27.125,-21.125,-9.125,1.875,6.875,5.875,-9.125,-37.125,-54.125,-47.125,-43.125,-40.125
-6.7175,-4.7175,-9.7175,1.2825,20.282,23.282,24.282,17.282,7.2825,2.2825,11.282,4.2825,2.2825,-1.7175,-8.7175,-10.718,-3.7175,4.2825,15.282,17.282,10.282,6.2825,7.2825,13.282,16.282,19.282,12.282,0.2825,2.2825,6.2825,3.2825,-3.7175,-14.718,-28.718,-28.718,-22.718,-17.718,-14.718,4.2825,20.282,26.282,18.282,5.2825,5.2825,10.282,15.282,14.282,6.2825,8.2825,21.282,21.282,5.2825,-3.7175,-10.718,-14.718,-22.718,-24.718,-30.718,-24.718,-13.718,-2.7175,0.2825,0.2825,-4.7175,-4.7175,1.2825,-4.7175,4.2825,5.2825,-9.7175,-17.718,-16.718,-3.7175,4.2825,9.2825,10.282,15.282,-0.7175,-9.7175,-16.718,-10.718,-7.7175,5.2825,16.282,16.282,5.2825,3.2825,-3.7175,-3.7175,1.2825,-5.7175,-11.718,-10.718,-12.718,-14.718,-4.7175,-1.7175,0.2825,9.2825,13.282,6.2825,-5.7175,-13.718,-13.718,-9.7175,-10.718,-22.718,-21.718,-9.7175,-14.718,-12.718,-4.7175,-10.718,-7.7175,0.2825,1.2825,9.2825,16.282,20.282,20.282,15.282,18.282,14.282,5.2825,-4.7175,-8.7175,-0.7175,-0.7175,4.2825,1.2825,-0.7175,-1.7175,-2.7175,-5.7175,-14.718,-11.718,1.2825,9.2825,16.282,18.282,16.282,23.282,22.282,26.282,22.282,17.282,11.282,18.282,22.282,8.2825,0.2825,-8.7175,-16.718,-22.718,-14.718,4.2825,15.282,14.282,3.2825,-7.7175,-1.7175,3.2825,9.2825,16.282,7.2825,-1.7175,-14.718,-32.718,-31.718,-27.718,-27.718,-21.718,-21.718,-25.718,-26.718,-33.718,-26.718,-21.718,-19.718,-25.718,-33.718,-25.718,-21.718,-13.718,-4.7175,-3.7175,-12.718,-25.718,-25.718,-25.718,-29.718,-26.718,-23.718,-22.718,-27.718,-24.718,-14.718,-17.718,-15.718,-12.718,-4.7175,5.2825,15.282,20.282,16.282,-3.7175,-21.718,-29.718,-41.718,-34.718,-27.718,-21.718,-21.718,-25.718,-24.718,-11.718,-3.7175,3.2825,-2.7175,-9.7175,-10.718,-10.718,-4.7175,-1.7175,-3.7175,-6.7175,-7.7175,-7.7175,-1.7175,4.2825,14.282,13.282,4.2825,-9.7175,-26.718,-32.718,-16.718,-7.7175,-2.7175,0.2825,6.2825,20.282,32.282,31.282,33.282,32.282,25.282,14.282,12.282,7.2825,9.2825,6.2825,1.2825,0.2825,9.2825,10.282,-0.7175,-4.7175,0.2825,4.2825,4.2825,6.2825,20.282,34.282,33.282,27.282,17.282,24.282,20.282,13.282,8.2825,3.2825,0.2825,2.2825,4.2825,3.2825,-1.7175,6.2825,11.282,19.282,18.282,15.282,4.2825,2.2825,4.2825,0.2825,-2.7175,-7.7175,-9.7175,-15.718,-19.718,-16.718,0.2825,-1.7175,-10.718,-10.718,-9.7175,-5.7175,0.2825,6.2825,12.282,11.282,6.2825,-7.7175,-15.718,-16.718,-11.718,-8.7175,2.2825,-1.7175,-0.7175,3.2825,6.2825,2.2825,-9.7175,-15.718,-10.718,0.2825,8.2825,4.2825,1.2825,2.2825,7.2825,11.282,6.2825,-5.7175,-4.7175,-4.7175,-1.7175,2.2825,-0.7175,3.2825,2.2825,-2.7175,-9.7175,-10.718,-8.7175,-10.718,-3.7175,10.282,36.282,46.282,48.282,28.282,16.282,14.282,26.282,25.282,28.282,33.282,33.282,22.282,16.282,15.282,19.282,13.282,11.282,14.282,17.282,30.282,36.282,46.282,52.282,44.282,36.282,27.282,16.282,3.2825,-1.7175,-0.7175,-8.7175,-16.718,-20.718,-19.718,-14.718,-7.7175,-17.718,-28.718,-18.718,-4.7175,-3.7175,-0.7175,0.2825,0.2825,6.2825,9.2825,13.282,8.2825,6.2825,1.2825,-5.7175,-1.7175,-4.7175,-11.718,-25.718,-28.718,-17.718,-7.7175,-8.7175,-9.7175
15.468,7.4675,8.4675,4.4675,-0.5325,-2.5325,2.4675,1.4675,-6.5325,1.4675,9.4675,5.4675,5.4675,3.4675,-14.532,-32.532,-30.532,-22.532,-25.532,-25.532,-19.532,-15.532,-34.532,-42.532,-41.532,-38.532,-39.532,-41.532,-33.532,-40.532,-38.532,-27.532,-17.532,-5.5325,16.468,21.468,10.468,-2.5325,0.4675,12.468,12.468,9.4675,6.4675,3.4675,-3.5325,-7.5325,-1.5325,-5.5325,-12.532,-4.5325,-5.5325,-11.532,-12.532,-8.5325,-23.532,-27.532,-17.532,-1.5325,16.468,17.468,9.4675,-3.5325,-12.532,-15.532,-18.532,-15.532,-14.532,-13.532,2.4675,18.468,14.468,1.4675,-3.5325,-2.5325,6.4675,1.4675,-3.5325,-3.5325,-7.5325,-16.532,-39.532,-45.532,-38.532,-42.532,-37.532,-30.532,-16.532,-3.5325,-0.5325,1.4675,0.4675,7.4675,9.4675,13.468,6.4675,7.4675,10.468,15.468,18.468,26.468,31.468,20.468,10.468,10.468,1.4675,3.4675,0.4675,1.4675,10.468,22.468,28.468,28.468,19.468,4.4675,9.4675,18.468,24.468,19.468,-1.5325,-22.532,-16.532,-2.5325,8.4675,14.468,16.468,18.468,16.468,12.468,11.468,14.468,16.468,13.468,15.468,5.4675,5.4675,13.468,27.468,40.468,46.468,37.468,30.468,30.468,21.468,8.4675,0.4675,2.4675,-6.5325,-21.532,-29.532,-20.532,-7.5325,1.4675,17.468,15.468,2.4675,-11.532,-3.5325,3.4675,14.468,15.468,15.468,15.468,8.4675,5.4675,2.4675,-0.5325,-2.5325,2.4675,-0.5325,-10.532,-11.532,-13.532,-14.532,-20.532,-25.532,-24.532,-7.5325,1.4675,-4.5325,-14.532,-9.5325,-12.532,-16.532,-30.532,-23.532,-22.532,-38.532,-52.532,-37.532,-24.532,-8.5325,11.468,20.468,29.468,25.468,22.468,27.468,31.468,23.468,5.4675,-12.532,-6.5325,-1.5325,-3.5325,-16.532,-21.532,-14.532,-16.532,-17.532,-22.532,-22.532,-16.532,-5.5325,5.4675,10.468,13.468,17.468,14.468,7.4675,-7.5325,-21.532,-25.532,-11.532,-0.5325,-1.5325,8.4675,8.4675,1.4675,-2.5325,0.4675,4.4675,8.4675,-1.5325,0.4675,-0.5325,1.4675,7.4675,5.4675,3.4675,11.468,13.468,18.468,15.468,5.4675,0.4675,4.4675,0.4675,-7.5325,-1.5325,10.468,13.468,9.4675,6.4675,1.4675,-2.5325,11.468,11.468,10.468,12.468,6.4675,3.4675,-0.5325,14.468,13.468,5.4675,-12.532,-16.532,-20.532,-13.532,-13.532,-18.532,-36.532,-43.532,-31.532,-13.532,3.4675,14.468,12.468,10.468,8.4675,9.4675,10.468,14.468,15.468,10.468,-2.5325,-4.5325,-4.5325,-5.5325,-4.5325,-4.5325,13.468,27.468,30.468,29.468,32.468,31.468,29.468,31.468,38.468,48.468,45.468,31.468,14.468,5.4675,3.4675,-2.5325,-2.5325,6.4675,11.468,14.468,11.468,-4.5325,-8.5325,4.4675,12.468,16.468,10.468,3.4675,-4.5325,-13.532,-16.532,-12.532,-14.532,-10.532,-24.532,-36.532,-44.532,-50.532,-49.532,-42.532,-25.532,-10.532,-8.5325,-13.532,-16.532,-19.532,-14.532,-4.5325,0.4675,7.4675,20.468,31.468,19.468,12.468,-1.5325,-8.5325,-2.5325,3.4675,6.4675,-1.5325,-10.532,0.4675,6.4675,18.468,20.468,12.468,3.4675,15.468,19.468,22.468,28.468,31.468,33.468,32.468,33.468,40.468,37.468,24.468,24.468,22.468,9.4675,-8.5325,-11.532,-0.5325,8.4675,-2.5325,-3.5325,12.468,21.468,18.468,17.468,10.468,8.4675,11.468,14.468,9.4675,-4.5325,-16.532,-20.532,-14.532,-10.532,-13.532,-11.532,-19.532,-15.532,-15.532,-28.532,-43.532,-53.532
2.595,9.595,19.595,14.595,1.595,-1.405,1.595,4.595,6.595,6.595,10.595,12.595,1.595,-7.405,-13.405,-17.405,-12.405,-11.405,-15.405,-26.405,-31.405,-37.405,-36.405,-29.405,-40.405,-43.405,-21.405,-3.405,0.595,2.595,11.595,0.595,-9.405,-20.405,-31.405,-22.405,-18.405,-26.405,-21.405,-7.405,-12.405,-9.405,10.595,18.595,7.595,-16.405,-31.405,-42.405,-39.405,-31.405,-13.405,-3.405,6.595,2.595,-4.405,-13.405,-17.405,-16.405,-12.405,-2.405,4.595,-3.405,-13.405,-16.405,-15.405,-6.405,-0.405,12.595,24.595,20.595,16.595,15.595,24.595,17.595,11.595,11.595,12.595,27.595,34.595,38.595,40.595,38.595,35.595,19.595,3.595,-7.405,-10.405,-15.405,-12.405,-9.405,-6.405,-4.405,-0.405,7.595,9.595,2.595,0.595,10.595,13.595,9.595,9.595,9.595,10.595,-1.405,-14.405,-16.405,-17.405,-5.405,3.595,6.595,10.595,11.595,8.595,1.595,-9.405,-12.405,-11.405,-13.405,-23.405,-27.405,-26.405,-31.405,-19.405,-3.405,9.595,19.595,28.595,35.595,36.595,29.595,22.595,39.595,44.595,47.595,56.595,56.595,56.595,49.595,43.595,36.595,34.595,19.595,7.595,0.595,-3.405,9.595,4.595,2.595,9.595,18.595,31.595,24.595,12.595,5.595,1.595,3.595,17.595,15.595,4.595,2.595,11.595,19.595,13.595,12.595,18.595,15.595,8.595,0.595,-13.405,-23.405,-25.405,-16.405,-5.405,-13.405,-12.405,-12.405,-14.405,-13.405,-14.405,-13.405,-23.405,-38.405,-48.405,-65.405,-62.405,-44.405,-41.405,-36.405,-31.405,-24.405,-28.405,-30.405,-28.405,-22.405,-19.405,-12.405,-8.405,-15.405,-10.405,-11.405,-35.405,-47.405,-45.405,-48.405,-52.405,-57.405,-39.405,-35.405,-23.405,-11.405,-17.405,-17.405,-12.405,0.595,19.595,20.595,18.595,23.595,17.595,15.595,17.595,23.595,35.595,31.595,44.595,46.595,28.595,-0.405,-3.405,10.595,28.595,33.595,29.595,27.595,29.595,29.595,28.595,17.595,-1.405,0.595,6.595,12.595,20.595,28.595,20.595,18.595,24.595,16.595,1.595,4.595,9.595,13.595,17.595,7.595,-6.405,-13.405,-7.405,-0.405,-2.405,-18.405,-25.405,-23.405,-14.405,-10.405,-14.405,1.595,5.595,5.595,1.595,8.595,12.595,15.595,11.595,-1.405,-7.405,-16.405,-15.405,-12.405,-9.405,-20.405,-15.405,-9.405,-11.405,-6.405,-0.405,-7.405,2.595,15.595,25.595,27.595,23.595,20.595,12.595,-0.405,-1.405,10.595,26.595,35.595,31.595,22.595,20.595,24.595,23.595,28.595,36.595,42.595,44.595,41.595,21.595,5.595,-3.405,13.595,30.595,31.595,25.595,38.595,55.595,61.595,62.595,56.595,41.595,32.595,14.595,-4.405,-9.405,-25.405,-40.405,-39.405,-34.405,-35.405,-34.405,-37.405,-35.405,-23.405,-23.405,-19.405,-15.405,-27.405,-21.405,-0.405,4.595,-4.405,-19.405,-32.405,-27.405,-24.405,-8.405,1.595,5.595,0.595,-4.405,-10.405,-33.405,-38.405,-28.405,-16.405,0.595,-3.405,-5.405,-0.405,-1.405,-15.405,-26.405,-17.405,0.595,10.595,18.595,24.595,11.595,-0.405,-7.405,-3.405,3.595,18.595,36.595,48.595,33.595,4.595,-9.405,-7.405,-5.405,-13.405,-3.405,-3.405,-12.405,-20.405,-7.405,-2.405,-10.405,-8.405,-9.405,-11.405,-17.405,-28.405,-26.405,-18.405,-24.405,-23.405,-23.405,-37.405
2.1675,-0.8325,-0.8325,6.1675,10.168,4.1675,4.1675,3.1675,11.168,16.168,11.168,6.1675,3.1675,-2.8325,-9.8325,-5.8325,2.1675,10.168,3.1675,-9.8325,-17.833,-14.833,-7.8325,-3.8325,-2.8325,-5.8325,-3.8325,-0.8325,0.1675,4.1675,10.168,3.1675,7.1675,21.168,27.168,36.168,43.168,37.168,18.168,-2.8325,-23.833,-27.833,-18.833,-1.8325,2.1675,3.1675,-1.8325,-3.8325,7.1675,18.168,11.168,9.1675,2.1675,1.1675,-3.8325,-6.8325,-14.833,-16.833,-27.833,-24.833,-18.833,-11.833,-11.833,-13.833,-15.833,-21.833,-21.833,-22.833,-36.832,-33.832,-38.832,-44.832,-43.832,-36.832,-20.833,-4.8325,-1.8325,-5.8325,-11.833,-11.833,-11.833,-10.833,-8.8325,-2.8325,-0.8325,-1.8325,-5.8325,-18.833,-20.833,-12.833,-7.8325,-10.833,-6.8325,1.1675,10.168,9.1675,5.1675,7.1675,3.1675,9.1675,9.1675,5.1675,17.168,25.168,22.168,24.168,23.168,17.168,6.1675,-1.8325,-2.8325,2.1675,-4.8325,-10.833,-14.833,-14.833,-9.8325,2.1675,9.1675,4.1675,-2.8325,-5.8325,-15.833,-11.833,-15.833,-5.8325,4.1675,4.1675,10.168,19.168,22.168,25.168,20.168,18.168,16.168,17.168,13.168,9.1675,2.1675,-1.8325,-5.8325,-5.8325,-4.8325,-1.8325,-1.8325,-3.8325,-8.8325,-6.8325,-6.8325,-7.8325,-8.8325,-10.833,-13.833,-21.833,-21.833,-9.8325,15.168,18.168,11.168,3.1675,-10.833,-12.833,-4.8325,-5.8325,-8.8325,0.1675,15.168,21.168,20.168,18.168,23.168,22.168,23.168,32.168,27.168,16.168,10.168,5.1675,1.1675,-0.8325,-0.8325,-10.833,-10.833,-12.833,-6.8325,-3.8325,-18.833,-28.833,-22.833,-19.833,-27.833,-25.833,-23.833,-15.833,2.1675,8.1675,16.168,21.168,17.168,7.1675,5.1675,-0.8325,-2.8325,-4.8325,-7.8325,-1.8325,10.168,10.168,3.1675,0.1675,-1.8325,2.1675,3.1675,6.1675,16.168,23.168,23.168,10.168,0.1675,-14.833,-16.833,-17.833,-9.8325,-9.8325,-6.8325,-4.8325,-3.8325,-1.8325,-9.8325,-20.833,-26.833,-31.833,-24.833,-14.833,-4.8325,14.168,18.168,10.168,15.168,12.168,1.1675,-1.8325,-0.8325,-6.8325,-9.8325,-9.8325,-21.833,-19.833,-13.833,-8.8325,-7.8325,8.1675,28.168,33.168,24.168,2.1675,-14.833,-11.833,2.1675,14.168,8.1675,-1.8325,-14.833,-21.833,-20.833,-19.833,-11.833,-8.8325,-1.8325,-1.8325,-14.833,-24.833,-24.833,-27.833,-28.833,-25.833,-21.833,-23.833,-25.833,-16.833,-8.8325,-2.8325,3.1675,2.1675,4.1675,6.1675,5.1675,0.1675,-2.8325,-1.8325,-1.8325,-1.8325,-0.8325,6.1675,3.1675,-2.8325,-16.833,-18.833,-12.833,-6.8325,-14.833,-15.833,-12.833,-10.833,-9.8325,-9.8325,-8.8325,-6.8325,-4.8325,1.1675,4.1675,9.1675,14.168,7.1675,9.1675,28.168,38.168,39.168,42.168,45.168,52.168,55.168,50.168,48.168,55.168,54.168,38.168,31.168,26.168,21.168,26.168,20.168,28.168,31.168,27.168,24.168,18.168,19.168,9.1675,3.1675,-0.8325,0.1675,-2.8325,1.1675,6.1675,10.168,5.1675,-7.8325,-16.833,-16.833,-13.833,-10.833,-14.833,-13.833,-13.833,-11.833,-7.8325,1.1675,13.168,21.168,23.168,20.168,13.168,3.1675,3.1675,6.1675,9.1675,2.1675,-0.8325,-6.8325,-4.8325,-0.8325,-0.8325,-9.8325,-15.833,-21.833,-29.833,-29.833,-20.833,-2.8325,11.168,13.168,12.168,7.1675,1.1675,7.1675,9.1675,1.1675,-2.8325,-3.8325,-1.8325,6.1675,16.168,23.168,16.168,-2.8325,-16.833,-16.833,-12.833,-12.833
7.145,-4.855,-5.855,8.145,16.145,8.145,5.145,4.145,2.145,-0.855,-2.855,-4.855,-2.855,8.145,9.145,15.145,12.145,7.145,-8.855,-14.855,0.145,11.145,14.145,14.145,12.145,2.145,-0.855,4.145,4.145,3.145,4.145,6.145,3.145,-3.855,-3.855,-8.855,-16.855,-18.855,-22.855,-18.855,-22.855,-25.855,-7.855,13.145,17.145,18.145,21.145,26.145,38.145,34.145,21.145,6.145,-6.855,-11.855,-19.855,-12.855,7.145,12.145,4.145,-6.855,0.145,-2.855,-10.855,-12.855,-18.855,-16.855,-8.855,-11.855,-8.855,-0.855,-9.855,-26.855,-30.855,-20.855,-15.855,-2.855,4.145,-5.855,-9.855,-11.855,-20.855,-18.855,-34.855,-34.855,-27.855,-32.855,-26.855,-18.855,-15.855,-12.855,-11.855,-1.855,13.145,16.145,18.145,17.145,22.145,21.145,16.145,8.145,2.145,9.145,24.145,34.145,38.145,49.145,49.145,45.145,25.145,21.145,11.145,11.145,12.145,17.145,14.145,12.145,10.145,13.145,26.145,22.145,9.145,7.145,3.145,-3.855,-16.855,-17.855,-11.855,-17.855,-24.855,-22.855,-17.855,-13.855,-13.855,-10.855,-2.855,8.145,13.145,7.145,14.145,16.145,11.145,1.145,3.145,0.145,-4.855,-9.855,-17.855,-15.855,-24.855,-37.855,-39.855,-25.855,-27.855,-20.855,-10.855,-8.855,-7.855,-1.855,7.145,7.145,0.145,1.145,-1.855,-9.855,-11.855,5.145,12.145,22.145,35.145,46.145,54.145,44.145,34.145,43.145,47.145,43.145,28.145,34.145,42.145,36.145,16.145,7.145,9.145,16.145,9.145,7.145,5.145,-6.855,-5.855,-5.855,-11.855,-25.855,-26.855,-30.855,-26.855,-20.855,-18.855,-13.855,-7.855,-2.855,11.145,7.145,0.145,12.145,7.145,-11.855,-12.855,-6.855,-8.855,-3.855,-4.855,1.145,6.145,5.145,0.145,5.145,-5.855,-26.855,-34.855,-33.855,-33.855,-25.855,-12.855,-3.855,-4.855,2.145,10.145,-2.855,-11.855,-22.855,-21.855,-5.855,4.145,2.145,15.145,17.145,4.145,3.145,8.145,3.145,-7.855,-23.855,-11.855,5.145,19.145,9.145,-8.855,-9.855,2.145,-6.855,-24.855,-15.855,-2.855,11.145,20.145,9.145,-2.855,0.145,11.145,7.145,2.145,-6.855,-23.855,-25.855,-27.855,-16.855,1.145,4.145,4.145,-11.855,-29.855,-38.855,-52.855,-43.855,-24.855,-11.855,-7.855,1.145,-5.855,-10.855,-5.855,5.145,15.145,9.145,11.145,14.145,7.145,1.145,-4.855,-6.855,3.145,19.145,21.145,14.145,16.145,17.145,5.145,-3.855,-0.855,-12.855,-25.855,-23.855,-20.855,-14.855,-7.855,-14.855,-5.855,4.145,10.145,15.145,16.145,0.145,-12.855,-17.855,-1.855,11.145,17.145,18.145,16.145,27.145,46.145,61.145,50.145,33.145,30.145,38.145,36.145,28.145,28.145,26.145,25.145,5.145,-7.855,-9.855,-5.855,5.145,0.145,1.145,9.145,13.145,8.145,15.145,24.145,25.145,16.145,17.145,10.145,13.145,18.145,12.145,12.145,5.145,-11.855,-27.855,-35.855,-33.855,-24.855,-12.855,0.145,-12.855,-17.855,-16.855,-22.855,-10.855,-6.855,-19.855,-34.855,-27.855,-30.855,-38.855,-46.855,-40.855,-28.855,-29.855,-28.855,-22.855,-9.855,3.145,12.145,14.145,21.145,22.145,6.145,-3.855,-1.855,-1.855,3.145,10.145,9.145,6.145,8.145,13.145,13.145,6.145,4.145,2.145,-4.855,-7.855,-8.855,-1.855
-13.555,1.445,23.445,33.445,22.445,17.445,9.445,6.445,18.445,25.445,31.445,45.445,34.445,12.445,2.445,9.445,14.445,13.445,14.445,15.445,13.445,8.445,3.445,1.445,11.445,30.445,45.445,41.445,17.445,16.445,25.445,21.445,3.445,4.445,11.445,0.445,-14.555,-28.555,-31.555,-23.555,-11.555,-15.555,-30.555,-25.555,-13.555,-13.555,-21.555,-22.555,-21.555,-29.555,-54.555,-62.555,-51.555,-35.555,-28.555,-23.555,-10.555,-9.555,-17.555,-10.555,-8.555,-0.555,21.445,33.445,36.445,26.445,21.445,10.445,8.445,9.445,12.445,11.445,2.445,-2.555,0.445,5.445,10.445,16.445,15.445,8.445,0.445,16.445,23.445,16.445,12.445,9.445,7.445,10.445,18.445,23.445,21.445,5.445,4.445,7.445,20.445,11.445,-7.555,-5.555,11.445,25.445,39.445,42.445,23.445,7.445,8.445,11.445,9.445,7.445,-6.555,-23.555,-12.555,0.445,11.445,-7.555,-12.555,3.445,2.445,-23.555,-27.555,-6.555,-10.555,-34.555,-31.555,-17.555,-9.555,-9.555,-14.555,3.445,1.445,-8.555,-12.555,-18.555,-35.555,-57.555,-73.555,-68.555,-68.555,-64.555,-60.555,-46.555,-16.555,13.445,-3.555,-2.555,21.445,24.445,37.445,28.445,14.445,18.445,17.445,11.445,-3.555,3.445,21.445,22.445,6.445,3.445,12.445,16.445,7.445,-5.555,-18.555,-12.555,-9.555,-20.555,-4.555,8.445,9.445,12.445,13.445,19.445,23.445,7.445,-6.555,-2.555,-0.555,4.445,16.445,15.445,14.445,24.445,32.445,43.445,44.445,34.445,27.445,19.445,5.445,16.445,25.445,29.445,27.445,24.445,16.445,9.445,3.445,6.445,14.445,16.445,24.445,12.445,-2.555,-6.555,-9.555,-14.555,-7.555,-13.555,-16.555,-12.555,-11.555,5.445,14.445,10.445,19.445,20.445,22.445,23.445,17.445,3.445,-12.555,-12.555,-19.555,-32.555,-28.555,-23.555,-22.555,-22.555,-32.555,-28.555,-11.555,-3.555,-18.555,-14.555,-21.555,-32.555,-22.555,-10.555,-16.555,-16.555,-10.555,-7.555,3.445,3.445,1.445,-16.555,-16.555,5.445,19.445,26.445,29.445,27.445,8.445,-2.555,-0.555,2.445,-5.555,-10.555,-8.555,-7.555,-13.555,-9.555,-11.555,-28.555,-24.555,-18.555,-8.555,4.445,-18.555,-22.555,-25.555,-28.555,-14.555,-8.555,-14.555,-29.555,-30.555,-24.555,-15.555,-19.555,-28.555,-17.555,-3.555,4.445,7.445,15.445,18.445,9.445,7.445,11.445,26.445,28.445,16.445,18.445,14.445,4.445,13.445,11.445,16.445,10.445,-0.555,-7.555,-25.555,-33.555,-21.555,-7.555,-7.555,-7.555,-5.555,-11.555,-10.555,-1.555,-6.555,-8.555,2.445,5.445,2.445,17.445,30.445,46.445,35.445,11.445,19.445,29.445,27.445,22.445,31.445,29.445,27.445,14.445,16.445,7.445,-17.555,-47.555,-38.555,-10.555,-10.555,-26.555,-37.555,-48.555,-42.555,-43.555,-52.555,-49.555,-36.555,-12.555,12.445,8.445,-7.555,-10.555,4.445,-13.555,-39.555,-53.555,-33.555,1.445,-5.555,0.445,-25.555,-28.555,-20.555,-22.555,-18.555,-11.555,-14.555,-26.555,-43.555,-30.555,-22.555,-31.555,-41.555,-47.555,-51.555,-22.555,9.445,10.445,22.445,33.445,7.445,-20.555,-39.555,-22.555,0.445,21.445,31.445,12.445,-13.555,-16.555,3.445,35.445,67.445,69.445,63.445,58.445,49.445,51.445,56.445,75.445,74.445,65.445
11.693,26.693,33.693,32.693,31.693,42.693,42.693,33.693,18.693,15.693,14.693,4.6925,-2.3075,-3.3075,13.693,14.693,4.6925,1.6925,-0.3075,-18.307,-23.307,-25.307,-27.307,-21.307,-14.307,1.6925,11.693,3.6925,-13.307,-18.307,-25.307,-26.307,-28.307,-22.307,-36.307,-45.307,-35.307,-28.307,-30.307,-29.307,-28.307,-21.307,-12.307,0.6925,-15.307,-29.307,-29.307,-23.307,-24.307,-16.307,-7.3075,-13.307,-21.307,-29.307,-28.307,-26.307,-20.307,-18.307,-19.307,-19.307,-17.307,-13.307,-10.307,-7.3075,-10.307,-13.307,-5.3075,2.6925,-1.3075,-10.307,-5.3075,-2.3075,-7.3075,-8.3075,-7.3075,11.693,21.693,37.693,37.693,28.693,22.693,33.693,29.693,21.693,9.6925,8.6925,7.6925,3.6925,3.6925,4.6925,2.6925,2.6925,-1.3075,2.6925,-11.307,-12.307,-8.3075,2.6925,10.693,13.693,11.693,21.693,36.693,17.693,-5.3075,-5.3075,8.6925,6.6925,-11.307,-14.307,-4.3075,7.6925,25.693,40.693,33.693,17.693,11.693,1.6925,-0.3075,-3.3075,-0.3075,-3.3075,-1.3075,8.6925,25.693,31.693,38.693,32.693,17.693,16.693,18.693,27.693,24.693,19.693,20.693,26.693,29.693,28.693,20.693,5.6925,-13.307,-23.307,-13.307,2.6925,20.693,25.693,22.693,13.693,0.6925,-14.307,-19.307,-18.307,-14.307,-5.3075,-2.3075,2.6925,8.6925,13.693,7.6925,8.6925,14.693,14.693,23.693,34.693,35.693,29.693,33.693,41.693,31.693,15.693,-3.3075,-9.3075,-4.3075,-2.3075,-8.3075,-22.307,-20.307,-7.3075,5.6925,14.693,3.6925,-16.307,-30.307,-22.307,-16.307,-1.3075,5.6925,5.6925,-4.3075,-13.307,-5.3075,-5.3075,-6.3075,-18.307,-30.307,-26.307,-19.307,-18.307,-11.307,-3.3075,-7.3075,-3.3075,5.6925,4.6925,-2.3075,-13.307,-15.307,-9.3075,-4.3075,-0.3075,-0.3075,2.6925,2.6925,1.6925,-4.3075,-5.3075,-9.3075,-18.307,-4.3075,9.6925,14.693,23.693,24.693,16.693,19.693,17.693,6.6925,1.6925,10.693,16.693,10.693,8.6925,8.6925,10.693,3.6925,-2.3075,-11.307,-18.307,-27.307,-25.307,-8.3075,1.6925,-8.3075,-20.307,-11.307,3.6925,6.6925,15.693,28.693,28.693,22.693,10.693,15.693,10.693,-4.3075,0.6925,4.6925,5.6925,5.6925,4.6925,-10.307,-21.307,-18.307,-14.307,-9.3075,-7.3075,5.6925,20.693,19.693,12.693,1.6925,-4.3075,-5.3075,-12.307,-7.3075,-10.307,-19.307,-23.307,-26.307,-20.307,-17.307,-18.307,-16.307,-6.3075,-0.3075,-6.3075,-6.3075,-0.3075,13.693,11.693,4.6925,2.6925,0.6925,6.6925,6.6925,4.6925,0.6925,-10.307,-9.3075,-8.3075,-13.307,-2.3075,10.693,14.693,12.693,18.693,22.693,18.693,25.693,17.693,-0.3075,-11.307,-9.3075,5.6925,18.693,23.693,31.693,28.693,24.693,14.693,8.6925,11.693,12.693,11.693,6.6925,-4.3075,1.6925,7.6925,2.6925,-10.307,-20.307,-27.307,-24.307,-24.307,-12.307,5.6925,1.6925,-16.307,-26.307,-26.307,-16.307,-2.3075,6.6925,14.693,22.693,15.693,11.693,2.6925,13.693,12.693,9.6925,12.693,17.693,10.693,-0.3075,-7.3075,-8.3075,-6.3075,-1.3075,-0.3075,-8.3075,-13.307,-18.307,-13.307,-16.307,-8.3075,-2.3075,-5.3075,-12.307,-17.307,-13.307,-11.307,-6.3075,-5.3075,-15.307,-10.307,-10.307,-14.307,-23.307,-14.307,-4.3075,17.693,9.6925,3.6925,-1.3075,-3.3075,1.6925,3.6925,-1.3075,4.6925,-4.3075,-19.307,-14.307,-10.307,-30.307,-41.307,-41.307,-31.307,-16.307,-12.307
-8.2625,-9.2625,-2.2625,-6.2625,-20.263,-35.263,-33.263,-28.263,-28.263,-29.263,-34.263,-42.263,-37.263,-12.263,19.737,29.737,33.737,41.737,41.737,47.737,57.737,53.737,56.737,58.737,40.737,13.737,-1.2625,-9.2625,-25.263,-30.263,-24.263,0.7375,12.737,14.737,4.7375,5.7375,13.737,4.7375,-2.2625,-6.2625,7.7375,-2.2625,-26.263,-46.263,-45.263,-25.263,-8.2625,14.737,18.737,18.737,21.737,20.737,16.737,20.737,25.737,27.737,21.737,1.7375,-2.2625,4.7375,6.7375,-2.2625,-8.2625,-3.2625,-3.2625,-6.2625,-12.263,-17.263,-9.2625,2.7375,15.737,6.7375,-23.263,-44.263,-43.263,-49.263,-69.263,-57.263,-52.263,-43.263,-20.263,-15.263,6.7375,22.737,42.737,43.737,29.737,15.737,4.7375,2.7375,-5.2625,-9.2625,-7.2625,-2.2625,-10.263,-12.263,-9.2625,-6.2625,-7.2625,-16.263,-28.263,-27.263,-20.263,-16.263,-3.2625,8.7375,27.737,45.737,45.737,44.737,36.737,24.737,27.737,16.737,8.7375,2.7375,3.7375,20.737,39.737,50.737,55.737,42.737,21.737,13.737,4.7375,-5.2625,3.7375,21.737,33.737,10.737,0.7375,-8.2625,2.7375,14.737,15.737,-20.263,-48.263,-54.263,-58.263,-55.263,-39.263,-26.263,-4.2625,0.7375,-17.263,-30.263,-37.263,-48.263,-42.263,-33.263,-7.2625,13.737,15.737,5.7375,-17.263,-23.263,-33.263,-40.263,-27.263,-45.263,-62.263,-57.263,-68.263,-81.263,-77.263,-55.263,-37.263,-19.263,-11.263,9.7375,18.737,13.737,8.7375,7.7375,7.7375,10.737,-0.2625,6.7375,11.737,15.737,27.737,43.737,66.737,55.737,29.737,25.737,44.737,53.737,44.737,34.737,32.737,32.737,13.737,13.737,24.737,27.737,22.737,26.737,16.737,4.7375,-8.2625,-10.263,-19.263,-16.263,-10.263,6.7375,25.737,35.737,39.737,35.737,33.737,19.737,17.737,19.737,22.737,26.737,20.737,14.737,7.7375,18.737,26.737,22.737,23.737,35.737,39.737,38.737,46.737,48.737,32.737,22.737,-11.263,-27.263,-14.263,-3.2625,9.7375,24.737,38.737,31.737,29.737,34.737,27.737,12.737,0.7375,-2.2625,-9.2625,-1.2625,15.737,14.737,1.7375,-13.263,-14.263,-7.2625,15.737,32.737,35.737,26.737,28.737,36.737,31.737,28.737,45.737,49.737,40.737,29.737,-6.2625,-29.263,-37.263,-32.263,-25.263,-16.263,7.7375,14.737,6.7375,8.7375,18.737,20.737,0.7375,-25.263,-34.263,-21.263,-14.263,-19.263,-11.263,0.7375,9.7375,10.737,13.737,15.737,24.737,35.737,26.737,21.737,14.737,4.7375,8.7375,21.737,45.737,46.737,32.737,15.737,10.737,4.7375,7.7375,18.737,18.737,26.737,50.737,47.737,29.737,18.737,11.737,10.737,14.737,27.737,34.737,23.737,-3.2625,-21.263,-40.263,-54.263,-50.263,-40.263,-33.263,-28.263,-9.2625,17.737,28.737,33.737,37.737,41.737,37.737,33.737,28.737,37.737,41.737,17.737,-5.2625,-18.263,-30.263,-32.263,-27.263,-30.263,-32.263,-28.263,-34.263,-36.263,-47.263,-49.263,-46.263,-44.263,-44.263,-48.263,-35.263,-22.263,-44.263,-99.263,-119.26,-117.26,-126.26,-112.26,-73.263,-39.263,-28.263,-23.263,-17.263,-20.263,-34.263,-43.263,-27.263,-17.263,3.7375,-3.2625,-16.263,-29.263,-27.263,-20.263,-20.263,-21.263,-27.263,-22.263,-0.2625,-1.2625,-2.2625,-2.2625,-8.2625,0.7375,18.737,15.737,2.7375,-27.263,-34.263,-27.263,-16.263,5.7375,15.737,18.737,12.737,8.7375,9.7375,13.737
-0.3475,-7.3475,-19.347,-25.347,-20.347,-26.347,-27.347,-24.347,-28.347,-35.347,-42.347,-26.347,-13.347,-10.347,-16.347,-11.347,-6.3475,-6.3475,-5.3475,-3.3475,-5.3475,5.6525,11.653,9.6525,6.6525,0.6525,2.6525,10.653,10.653,4.6525,-1.3475,-0.3475,-4.3475,-6.3475,-9.3475,-10.347,-6.3475,5.6525,9.6525,9.6525,12.653,6.6525,17.653,16.653,29.653,27.653,12.653,2.6525,-0.3475,0.6525,3.6525,-1.3475,-6.3475,-11.347,-8.3475,10.653,15.653,9.6525,8.6525,10.653,20.653,31.653,35.653,38.653,45.653,51.653,50.653,49.653,40.653,33.653,25.653,14.653,7.6525,7.6525,8.6525,-1.3475,-7.3475,-13.347,-9.3475,-9.3475,-6.3475,11.653,13.653,9.6525,4.6525,7.6525,5.6525,11.653,1.6525,-5.3475,-0.3475,-1.3475,4.6525,0.6525,-0.3475,10.653,16.653,3.6525,-7.3475,-12.347,-15.347,-13.347,-16.347,-18.347,-15.347,-19.347,-20.347,-18.347,-9.3475,-1.3475,-0.3475,0.6525,-2.3475,-11.347,-11.347,-6.3475,0.6525,4.6525,2.6525,-4.3475,-2.3475,0.6525,6.6525,2.6525,-7.3475,-17.347,-13.347,-13.347,-11.347,-20.347,-31.347,-31.347,-24.347,-18.347,-18.347,-15.347,-9.3475,-11.347,-18.347,-15.347,-13.347,-17.347,-15.347,-16.347,-17.347,-18.347,-14.347,-15.347,-18.347,-11.347,-4.3475,5.6525,19.653,18.653,20.653,14.653,8.6525,5.6525,10.653,13.653,9.6525,2.6525,-0.3475,-8.3475,-10.347,-13.347,-19.347,-27.347,-27.347,-21.347,-16.347,-11.347,-20.347,-18.347,-11.347,-7.3475,-2.3475,-6.3475,-9.3475,-4.3475,1.6525,6.6525,-1.3475,-3.3475,-4.3475,-5.3475,-0.3475,9.6525,4.6525,-0.3475,-2.3475,-11.347,-7.3475,-10.347,-13.347,-19.347,-13.347,-9.3475,-6.3475,-12.347,-20.347,-11.347,7.6525,5.6525,10.653,8.6525,3.6525,-1.3475,2.6525,20.653,32.653,32.653,25.653,18.653,14.653,5.6525,1.6525,2.6525,-3.3475,-2.3475,-1.3475,-15.347,-18.347,0.6525,11.653,4.6525,-7.3475,-3.3475,7.6525,8.6525,8.6525,7.6525,6.6525,-4.3475,-10.347,-7.3475,-4.3475,4.6525,12.653,9.6525,-0.3475,3.6525,2.6525,-7.3475,-6.3475,1.6525,6.6525,5.6525,3.6525,-4.3475,-16.347,-21.347,-24.347,-12.347,1.6525,0.6525,10.653,13.653,12.653,5.6525,9.6525,14.653,4.6525,-6.3475,-3.3475,5.6525,14.653,22.653,18.653,9.6525,5.6525,9.6525,19.653,20.653,17.653,9.6525,9.6525,11.653,10.653,17.653,27.653,29.653,23.653,13.653,5.6525,7.6525,20.653,18.653,14.653,16.653,7.6525,0.6525,-16.347,-28.347,-40.347,-57.347,-63.347,-60.347,-48.347,-31.347,-19.347,-5.3475,-1.3475,1.6525,8.6525,11.653,12.653,11.653,3.6525,-2.3475,-11.347,-13.347,-23.347,-25.347,-30.347,-39.347,-36.347,-28.347,-28.347,-26.347,-11.347,-7.3475,-22.347,-11.347,-0.3475,5.6525,9.6525,20.653,24.653,16.653,9.6525,13.653,16.653,16.653,12.653,-4.3475,-7.3475,2.6525,8.6525,15.653,22.653,24.653,21.653,28.653,30.653,27.653,15.653,14.653,16.653,25.653,26.653,21.653,17.653,10.653,10.653,11.653,14.653,4.6525,2.6525,3.6525,-4.3475,-3.3475,-22.347,-27.347,-12.347,4.6525,8.6525,3.6525,-0.3475,2.6525,7.6525,1.6525,-4.3475,-5.3475,2.6525,2.6525,-7.3475,-12.347,-7.3475,-1.3475,-7.3475,-9.3475,-1.3475,1.6525,-1.3475,6.6525,19.653,18.653,15.653,13.653,11.653,3.6525,-0.3475,-6.3475,1.6525,3.6525,-0.3475,9.6525,15.653,22.653
51.555,26.555,5.555,0.555,11.555,23.555,6.555,-3.445,-7.445,-11.445,-2.445,4.555,7.555,-6.445,-2.445,-2.445,-34.445,-57.445,-58.445,-42.445,-31.445,-20.445,-28.445,-18.445,-8.445,-16.445,-35.445,-39.445,-30.445,-25.445,-30.445,-31.445,-25.445,-21.445,-3.445,15.555,0.555,-23.445,-28.445,-7.445,6.555,-0.445,-16.445,-21.445,-10.445,-2.445,-14.445,-24.445,-23.445,-9.445,-3.445,-4.445,6.555,7.555,7.555,-2.445,0.555,12.555,10.555,7.555,9.555,7.555,-8.445,-15.445,-13.445,-17.445,-18.445,-21.445,-3.445,16.555,18.555,17.555,7.555,-0.445,-32.445,-23.445,1.555,9.555,14.555,19.555,2.555,-17.445,-11.445,6.555,12.555,-2.445,-13.445,-18.445,-17.445,-24.445,-11.445,-1.445,3.555,26.555,49.555,44.555,43.555,47.555,31.555,17.555,16.555,25.555,21.555,23.555,23.555,-5.445,-31.445,-44.445,-25.445,-25.445,-4.445,-4.445,-22.445,-24.445,-16.445,-26.445,-38.445,-17.445,15.555,34.555,32.555,37.555,32.555,31.555,27.555,28.555,18.555,7.555,-0.445,-2.445,-10.445,-15.445,-10.445,-5.445,-14.445,-10.445,-3.445,-9.445,-4.445,-2.445,-16.445,-11.445,6.555,6.555,3.555,-1.445,6.555,16.555,31.555,22.555,-3.445,-10.445,-3.445,-3.445,-7.445,-4.445,-16.445,-17.445,-3.445,1.555,6.555,5.555,11.555,19.555,21.555,7.555,-7.445,-16.445,-25.445,-23.445,-28.445,-38.445,-40.445,-45.445,-51.445,-30.445,-16.445,-4.445,7.555,8.555,0.555,-1.445,12.555,16.555,22.555,20.555,29.555,19.555,20.555,17.555,20.555,31.555,38.555,42.555,47.555,52.555,39.555,24.555,11.555,15.555,13.555,5.555,-10.445,-19.445,-14.445,11.555,15.555,13.555,10.555,7.555,2.555,-10.445,-15.445,-34.445,-53.445,-74.445,-76.445,-61.445,-24.445,-11.445,-12.445,-21.445,-20.445,-8.445,-18.445,-20.445,-19.445,-19.445,9.555,20.555,10.555,-5.445,-22.445,-27.445,-29.445,-43.445,-42.445,-42.445,-30.445,-18.445,-4.445,1.555,9.555,12.555,4.555,-3.445,9.555,11.555,6.555,18.555,35.555,44.555,24.555,7.555,3.555,2.555,7.555,3.555,17.555,14.555,11.555,-6.445,-3.445,19.555,21.555,28.555,41.555,26.555,24.555,31.555,43.555,52.555,50.555,40.555,34.555,28.555,15.555,18.555,16.555,11.555,17.555,16.555,13.555,3.555,5.555,29.555,36.555,35.555,39.555,46.555,35.555,27.555,28.555,37.555,42.555,54.555,56.555,56.555,31.555,15.555,4.555,-5.445,-9.445,-13.445,-19.445,-26.445,-28.445,-16.445,3.555,22.555,13.555,-7.445,-15.445,-26.445,-19.445,-27.445,-47.445,-49.445,-51.445,-54.445,-78.445,-98.445,-89.445,-80.445,-75.445,-64.445,-58.445,-53.445,-30.445,-13.445,-17.445,-6.445,14.555,25.555,32.555,25.555,40.555,52.555,57.555,48.555,38.555,22.555,19.555,23.555,29.555,22.555,8.555,6.555,-1.445,-9.445,-17.445,-10.445,6.555,23.555,24.555,22.555,16.555,11.555,1.555,-12.445,-33.445,-51.445,-50.445,-44.445,-35.445,-20.445,-2.445,11.555,26.555,55.555,67.555,52.555,27.555,7.555,7.555,0.555,2.555,-1.445,8.555,8.555,15.555,0.555,-26.445,-44.445,-39.445,-31.445,-19.445,-6.445,-11.445,-17.445,-10.445,-7.445,14.555,32.555,38.555,34.555,28.555,22.555,15.555,8.555
-15.345,-14.345,-8.345,-25.345,-30.345,-20.345,-22.345,2.655,15.655,6.655,-2.345,-24.345,-19.345,-19.345,-12.345,10.655,9.655,-5.345,-3.345,-4.345,-10.345,-16.345,-14.345,-25.345,-33.345,-33.345,-30.345,-23.345,-16.345,-9.345,12.655,20.655,6.655,-5.345,-9.345,-11.345,-3.345,18.655,16.655,1.655,7.655,13.655,-0.345,-10.345,-11.345,-11.345,-4.345,-8.345,-2.345,-5.345,-16.345,-9.345,3.655,-5.345,-2.345,6.655,5.655,5.655,9.655,5.655,9.655,12.655,3.655,-0.345,10.655,9.655,10.655,16.655,12.655,-14.345,-16.345,-8.345,12.655,25.655,35.655,34.655,40.655,35.655,25.655,22.655,13.655,3.655,13.655,16.655,14.655,9.655,5.655,14.655,15.655,8.655,6.655,0.655,-5.345,-3.345,2.655,12.655,12.655,-3.345,-10.345,-5.345,-6.345,-4.345,-4.345,-4.345,-0.345,1.655,7.655,12.655,18.655,29.655,24.655,6.655,-2.345,2.655,2.655,-0.345,-7.345,-10.345,-17.345,-19.345,-23.345,-25.345,-18.345,-18.345,-15.345,-9.345,-7.345,-20.345,-33.345,-23.345,-11.345,-13.345,-4.345,1.655,-1.345,0.655,4.655,6.655,5.655,22.655,14.655,-3.345,-1.345,-0.345,4.655,24.655,39.655,48.655,42.655,27.655,23.655,11.655,-22.345,-42.345,-34.345,-8.345,-8.345,-13.345,-15.345,-7.345,3.655,7.655,11.655,-5.345,-15.345,-11.345,-16.345,-26.345,-26.345,-26.345,-7.345,0.655,-4.345,-9.345,-11.345,-17.345,-18.345,-14.345,-12.345,2.655,-5.345,-20.345,-17.345,-4.345,-10.345,-12.345,-11.345,-6.345,6.655,18.655,18.655,14.655,12.655,20.655,11.655,-10.345,-19.345,-29.345,-23.345,-18.345,-5.345,8.655,23.655,26.655,25.655,13.655,-5.345,1.655,10.655,10.655,1.655,-11.345,-13.345,-10.345,-9.345,-10.345,-11.345,3.655,9.655,3.655,11.655,40.655,41.655,31.655,17.655,4.655,2.655,5.655,-5.345,-7.345,7.655,8.655,-4.345,-14.345,-25.345,-12.345,0.655,3.655,6.655,6.655,8.655,17.655,12.655,10.655,-6.345,-8.345,-20.345,-31.345,-22.345,-6.345,2.655,10.655,11.655,-9.345,-19.345,-2.345,7.655,1.655,-18.345,-18.345,-0.345,-1.345,-15.345,-24.345,-0.345,4.655,-11.345,-15.345,1.655,13.655,-0.345,-5.345,-15.345,-14.345,-6.345,11.655,30.655,35.655,12.655,-18.345,-31.345,-34.345,-27.345,-4.345,-4.345,-10.345,-6.345,-1.345,-14.345,-23.345,-19.345,-17.345,-3.345,6.655,22.655,22.655,14.655,12.655,14.655,21.655,38.655,39.655,30.655,18.655,22.655,38.655,30.655,10.655,-7.345,-7.345,0.655,-2.345,3.655,-3.345,-25.345,-31.345,-29.345,-23.345,-15.345,-4.345,-3.345,-8.345,-12.345,-18.345,-25.345,-11.345,-9.345,-2.345,17.655,21.655,14.655,11.655,14.655,20.655,-1.345,-23.345,-9.345,0.655,2.655,1.655,-11.345,-27.345,-19.345,0.655,0.655,-9.345,-11.345,6.655,-0.345,3.655,8.655,6.655,9.655,1.655,-1.345,2.655,22.655,24.655,20.655,30.655,52.655,43.655,35.655,28.655,25.655,17.655,12.655,32.655,46.655,44.655,30.655,31.655,29.655,15.655,-14.345,-20.345,-5.345,-6.345,-10.345,-5.345,-3.345,-2.345,-4.345,-3.345,2.655,-8.345,-20.345,-15.345,-1.345,-3.345,-6.345,-22.345,-39.345,-41.345,-25.345,-17.345,-11.345,0.655,15.655,13.655
-20.922,-17.922,-19.922,-24.922,-17.922,1.0775,9.0775,-0.9225,-7.9225,-3.9225,-0.9225,8.0775,16.078,15.078,26.078,24.078,15.078,11.078,20.078,16.078,2.0775,-0.9225,9.0775,7.0775,7.0775,6.0775,5.0775,5.0775,7.0775,6.0775,8.0775,8.0775,3.0775,4.0775,10.078,15.078,29.078,43.078,45.078,24.078,8.0775,11.078,18.078,15.078,11.078,19.078,25.078,23.078,31.078,35.078,39.078,38.078,38.078,49.078,53.078,35.078,16.078,9.0775,7.0775,7.0775,2.0775,-3.9225,-10.922,-9.9225,-4.9225,-4.9225,-8.9225,-33.922,-39.922,-24.922,-12.922,-5.9225,-3.9225,-8.9225,-10.922,-21.922,-14.922,5.0775,18.078,20.078,13.078,-0.9225,3.0775,8.0775,2.0775,9.0775,6.0775,8.0775,7.0775,4.0775,-13.922,-11.922,-5.9225,-8.9225,-21.922,-29.922,-42.922,-44.922,-34.922,-28.922,-36.922,-34.922,-24.922,-20.922,-23.922,-17.922,-3.9225,14.078,25.078,13.078,-3.9225,-9.9225,-1.9225,5.0775,5.0775,-3.9225,-7.9225,-14.922,-17.922,-13.922,-24.922,-40.922,-48.922,-55.922,-47.922,-38.922,-31.922,-23.922,-11.922,-7.9225,1.0775,-3.9225,-6.9225,-1.9225,0.0775,-1.9225,-14.922,-27.922,-34.922,-30.922,-28.922,-34.922,-25.922,-14.922,-23.922,-37.922,-34.922,-20.922,-22.922,-17.922,-8.9225,4.0775,24.078,28.078,28.078,22.078,12.078,8.0775,-10.922,-15.922,-1.9225,16.078,28.078,29.078,19.078,9.0775,1.0775,5.0775,19.078,35.078,38.078,31.078,20.078,9.0775,11.078,25.078,35.078,18.078,0.0775,3.0775,15.078,23.078,26.078,27.078,27.078,23.078,19.078,23.078,23.078,24.078,24.078,16.078,0.0775,-21.922,-20.922,-20.922,-25.922,-35.922,-36.922,-23.922,-13.922,-10.922,-5.9225,-8.9225,-6.9225,6.0775,2.0775,4.0775,11.078,3.0775,3.0775,6.0775,4.0775,12.078,15.078,7.0775,6.0775,12.078,9.0775,16.078,23.078,12.078,14.078,16.078,10.078,2.0775,9.0775,9.0775,3.0775,10.078,5.0775,-3.9225,3.0775,13.078,20.078,19.078,16.078,17.078,16.078,12.078,2.0775,2.0775,0.0775,-13.922,-29.922,-24.922,-1.9225,-8.9225,-16.922,-25.922,-27.922,-31.922,-26.922,-29.922,-21.922,-22.922,-19.922,-14.922,-21.922,-18.922,-17.922,-10.922,-5.9225,-5.9225,-6.9225,-24.922,-31.922,-38.922,-32.922,-34.922,-28.922,-14.922,0.0775,-6.9225,-10.922,3.0775,17.078,21.078,30.078,36.078,36.078,17.078,6.0775,3.0775,-8.9225,-21.922,-42.922,-49.922,-37.922,-19.922,-22.922,-32.922,-30.922,-18.922,-15.922,-5.9225,-2.9225,-5.9225,-12.922,-17.922,-24.922,-18.922,-10.922,-14.922,-26.922,-27.922,-21.922,-25.922,-22.922,-17.922,-14.922,-7.9225,-0.9225,6.0775,-5.9225,-21.922,-12.922,-7.9225,-14.922,-15.922,-3.9225,10.078,19.078,21.078,19.078,25.078,36.078,45.078,46.078,35.078,27.078,24.078,19.078,7.0775,-6.9225,-15.922,-23.922,-19.922,-1.9225,3.0775,2.0775,-2.9225,-10.922,-9.9225,-2.9225,0.0775,-10.922,-19.922,-2.9225,12.078,3.0775,1.0775,9.0775,9.0775,0.0775,-6.9225,-25.922,-38.922,-42.922,-37.922,-34.922,-12.922,-2.9225,-0.9225,9.0775,7.0775,-7.9225,-10.922,6.0775,25.078,33.078,36.078,33.078,40.078,36.078,34.078,39.078,42.078,49.078,50.078,52.078,37.078,30.078,27.078,8.0775,17.078,32.078,31.078,31.078,24.078,20.078,17.078,-3.9225,-5.9225,3.0775,14.078,11.078,-2.9225,-13.922,-14.922
-22.805,-19.805,-27.805,-22.805,-22.805,-19.805,-20.805,-19.805,-11.805,-11.805,-10.805,-0.805,9.195,22.195,18.195,10.195,18.195,22.195,25.195,28.195,28.195,30.195,28.195,20.195,7.195,5.195,13.195,27.195,28.195,23.195,11.195,4.195,17.195,21.195,12.195,5.195,0.195,6.195,4.195,-7.805,-14.805,-2.805,6.195,14.195,23.195,20.195,9.195,8.195,9.195,9.195,6.195,8.195,5.195,6.195,15.195,8.195,1.195,12.195,23.195,21.195,9.195,16.195,30.195,37.195,35.195,25.195,18.195,14.195,5.195,2.195,9.195,14.195,15.195,20.195,15.195,7.195,-7.805,-35.805,-34.805,-23.805,-17.805,-22.805,-28.805,-25.805,-21.805,-9.805,-7.805,-16.805,-12.805,-2.805,10.195,14.195,9.195,-3.805,-13.805,-24.805,-23.805,-19.805,-23.805,-25.805,-28.805,-28.805,-28.805,-28.805,-22.805,-19.805,-21.805,-22.805,-22.805,-15.805,-16.805,-18.805,-16.805,-7.805,-2.805,-6.805,-3.805,-3.805,-18.805,-17.805,-1.805,2.195,-9.805,-17.805,-9.805,-2.805,-2.805,3.195,-0.805,-2.805,-3.805,-7.805,-5.805,-5.805,-1.805,-9.805,-17.805,-11.805,-7.805,-15.805,-5.805,9.195,11.195,6.195,0.195,-7.805,-7.805,-8.805,-4.805,2.195,-2.805,12.195,29.195,35.195,34.195,17.195,3.195,-1.805,-6.805,5.195,18.195,17.195,14.195,19.195,23.195,18.195,11.195,12.195,14.195,15.195,12.195,14.195,19.195,13.195,18.195,20.195,14.195,-5.805,-11.805,-3.805,13.195,28.195,20.195,15.195,-0.805,-6.805,5.195,9.195,0.195,0.195,13.195,19.195,16.195,10.195,8.195,0.195,-13.805,-25.805,-20.805,-12.805,2.195,12.195,14.195,6.195,15.195,13.195,21.195,19.195,4.195,-10.805,-4.805,-7.805,-4.805,2.195,-3.805,4.195,8.195,3.195,8.195,2.195,-3.805,-9.805,-18.805,-16.805,-10.805,-9.805,-3.805,-2.805,8.195,12.195,7.195,9.195,19.195,21.195,24.195,18.195,20.195,24.195,20.195,14.195,-3.805,-10.805,-11.805,-10.805,0.195,4.195,-3.805,1.195,-7.805,-19.805,-16.805,-18.805,-20.805,-27.805,-31.805,-30.805,-20.805,-20.805,-24.805,-13.805,-11.805,-12.805,-9.805,-4.805,9.195,18.195,17.195,12.195,16.195,20.195,22.195,19.195,12.195,8.195,6.195,12.195,15.195,20.195,16.195,15.195,11.195,11.195,2.195,-6.805,-15.805,-19.805,-31.805,-29.805,-28.805,-33.805,-32.805,-29.805,-32.805,-41.805,-50.805,-50.805,-49.805,-50.805,-55.805,-43.805,-31.805,-20.805,-16.805,-3.805,-1.805,-12.805,-19.805,-13.805,-5.805,-6.805,-13.805,-15.805,-14.805,-12.805,-30.805,-36.805,-39.805,-38.805,-27.805,-24.805,-12.805,-15.805,-10.805,1.195,-0.805,-3.805,-1.805,3.195,-2.805,-4.805,-7.805,-8.805,-10.805,-11.805,-5.805,-1.805,-3.805,7.195,10.195,5.195,9.195,16.195,7.195,2.195,7.195,15.195,12.195,16.195,27.195,30.195,30.195,25.195,16.195,13.195,16.195,23.195,24.195,36.195,36.195,23.195,0.195,-4.805,-2.805,-4.805,-6.805,0.195,10.195,-3.805,-3.805,1.195,2.195,6.195,16.195,21.195,25.195,33.195,28.195,17.195,18.195,15.195,9.195,1.195,-1.805,-5.805,-0.805,-0.805,-7.805,-5.805,-2.805,-0.805,-1.805,5.195,13.195,0.195,-4.805,3.195,18.195,23.195,21.195,13.195
-44.985,-33.985,-27.985,-31.985,-21.985,-3.985,13.015,25.015,35.015,25.015,13.015,9.015,-2.985,0.015,-1.985,-12.985,-16.985,-31.985,-27.985,-9.985,2.015,-5.985,-21.985,-30.985,-26.985,-2.985,-5.985,2.015,22.015,32.015,19.015,7.015,5.015,-4.985,-3.985,-8.985,-15.985,-11.985,-1.985,-1.985,2.015,5.015,7.015,1.015,4.015,4.015,13.015,22.015,5.015,-3.985,5.015,22.015,23.015,26.015,38.015,32.015,18.015,16.015,12.015,-1.985,-9.985,12.015,35.015,31.015,17.015,4.015,14.015,23.015,18.015,32.015,40.015,39.015,38.015,26.015,14.015,-10.985,-23.985,-17.985,-10.985,4.015,28.015,18.015,-3.985,-14.985,0.015,20.015,37.015,41.015,30.015,25.015,28.015,32.015,19.015,5.015,4.015,6.015,8.015,-0.985,-16.985,-6.985,20.015,8.015,-1.985,3.015,0.015,0.015,5.015,-12.985,-37.985,-31.985,-34.985,-31.985,-15.985,-7.985,-10.985,2.015,11.015,-3.985,-14.985,-5.985,21.015,41.015,28.015,12.015,9.015,-7.985,-28.985,-25.985,-29.985,-39.985,-26.985,-29.985,-29.985,-15.985,1.015,6.015,1.015,-0.985,-4.985,-6.985,6.015,8.015,-8.985,-15.985,-14.985,4.015,21.015,24.015,21.015,26.015,20.015,9.015,1.015,23.015,29.015,2.015,-2.985,0.015,-6.985,-11.985,-21.985,-39.985,-49.985,-33.985,-20.985,-7.985,0.015,-3.985,-5.985,-13.985,-12.985,-7.985,2.015,16.015,25.015,24.015,26.015,39.015,48.015,40.015,37.015,43.015,38.015,38.015,39.015,32.015,40.015,51.015,42.015,12.015,-4.985,-5.985,-1.985,6.015,-4.985,-13.985,-9.985,6.015,4.015,-2.985,2.015,-3.985,-15.985,7.015,28.015,28.015,3.015,-9.985,4.015,6.015,-1.985,-16.985,-23.985,-22.985,-31.985,-39.985,-31.985,-17.985,-5.985,5.015,2.015,4.015,-15.985,-42.985,-60.985,-61.985,-51.985,-26.985,-24.985,-40.985,-40.985,-22.985,-0.985,5.015,3.015,-1.985,-9.985,-3.985,-17.985,-34.985,-15.985,-15.985,-10.985,1.015,12.015,13.015,17.015,20.015,2.015,-4.985,0.015,-1.985,-0.985,6.015,-8.985,-20.985,-18.985,-22.985,-10.985,-8.985,-12.985,-3.985,9.015,24.015,26.015,33.015,26.015,6.015,-5.985,1.015,18.015,23.015,20.015,3.015,-6.985,-2.985,-0.985,-4.985,-6.985,-10.985,-8.985,-11.985,-20.985,-27.985,-37.985,-28.985,-23.985,-12.985,-8.985,-9.985,-8.985,-17.985,-22.985,-18.985,-22.985,-34.985,-36.985,-20.985,-7.985,9.015,4.015,-19.985,-15.985,-6.985,-0.985,-17.985,-35.985,-45.985,-41.985,-21.985,-3.985,0.015,8.015,15.015,9.015,-1.985,-23.985,-31.985,-14.985,-9.985,-5.985,5.015,12.015,7.015,-8.985,-8.985,11.015,-10.985,-47.985,-29.985,-32.985,-37.985,-40.985,-20.985,-6.985,-0.985,11.015,-1.985,-10.985,-27.985,-48.985,-32.985,-0.985,4.015,-28.985,-53.985,-36.985,-2.985,0.015,-16.985,3.015,31.015,49.015,48.015,64.015,76.015,64.015,53.015,52.015,41.015,25.015,22.015,35.015,36.015,7.015,-11.985,-9.985,-14.985,-27.985,-41.985,-33.985,-1.985,9.015,6.015,-5.985,-16.985,0.015,37.015,35.015,-2.985,-19.985,1.015,19.015,24.015,29.015,17.015,1.015,1.015,9.015,18.015,9.015,-9.985,-10.985,-5.985,17.015,42.015,59.015,55.015,40.015,53.015
9.275,5.275,-10.725,-6.725,-20.725,-28.725,-21.725,-13.725,-7.725,4.275,10.275,5.275,10.275,17.275,9.275,-2.725,9.275,11.275,8.275,13.275,3.275,-2.725,4.275,16.275,25.275,21.275,10.275,8.275,3.275,-3.725,-4.725,0.275,13.275,22.275,12.275,5.275,16.275,18.275,8.275,5.275,7.275,17.275,10.275,-8.725,-10.725,5.275,20.275,13.275,-2.725,-17.725,-6.725,20.275,21.275,24.275,31.275,28.275,15.275,6.275,6.275,-0.725,-6.725,-14.725,-3.725,10.275,11.275,-2.725,-9.725,-3.725,-3.725,-10.725,-12.725,1.275,4.275,4.275,7.275,7.275,6.275,-0.725,-7.725,-15.725,-6.725,-7.725,-14.725,-22.725,-23.725,-22.725,-7.725,5.275,13.275,6.275,14.275,11.275,-1.725,-10.725,-11.725,-4.725,-13.725,-24.725,-21.725,-16.725,-9.725,-21.725,-40.725,-38.725,-21.725,-13.725,-13.725,-13.725,-8.725,-3.725,-11.725,-18.725,-23.725,-15.725,-3.725,-5.725,-8.725,-8.725,-7.725,-13.725,-15.725,0.275,23.275,32.275,19.275,8.275,-5.725,-26.725,-18.725,4.275,12.275,17.275,14.275,4.275,11.275,15.275,16.275,21.275,28.275,27.275,15.275,11.275,8.275,-3.725,-2.725,-3.725,-9.725,-2.725,12.275,28.275,20.275,9.275,10.275,10.275,5.275,10.275,7.275,-2.725,5.275,17.275,18.275,18.275,24.275,26.275,27.275,22.275,29.275,29.275,25.275,16.275,14.275,14.275,22.275,38.275,40.275,36.275,23.275,13.275,7.275,4.275,-1.725,-6.725,-10.725,-15.725,-10.725,-7.725,-4.725,4.275,9.275,16.275,1.275,-12.725,-7.725,-1.725,3.275,8.275,3.275,6.275,4.275,9.275,18.275,25.275,23.275,22.275,22.275,14.275,7.275,20.275,21.275,16.275,11.275,6.275,4.275,2.275,8.275,6.275,7.275,-2.725,-3.725,3.275,11.275,6.275,-5.725,-11.725,-12.725,-13.725,-6.725,4.275,5.275,-7.725,-7.725,-10.725,-2.725,7.275,14.275,11.275,-6.725,-14.725,-18.725,-21.725,-26.725,-34.725,-38.725,-30.725,-31.725,-34.725,-27.725,-16.725,-15.725,-23.725,-21.725,-22.725,-24.725,-12.725,-1.725,15.275,15.275,0.275,-15.725,-7.725,7.275,12.275,5.275,4.275,6.275,5.275,-0.725,1.275,7.275,-1.725,-11.725,-7.725,-1.725,14.275,13.275,0.275,-5.725,-0.725,10.275,5.275,-8.725,-16.725,-7.725,-15.725,-18.725,-16.725,-0.725,3.275,-13.725,-25.725,-23.725,-32.725,-31.725,-31.725,-29.725,-27.725,-33.725,-26.725,-17.725,-12.725,-7.725,-5.725,-0.725,5.275,1.275,-3.725,-2.725,-5.725,-12.725,-14.725,0.275,13.275,0.275,-11.725,-9.725,-3.725,-8.725,-16.725,-23.725,-25.725,-22.725,-17.725,-4.725,1.275,7.275,6.275,-3.725,-12.725,-15.725,-9.725,-4.725,-4.725,-12.725,-11.725,3.275,11.275,20.275,19.275,10.275,-3.725,-6.725,-12.725,-10.725,-14.725,-13.725,4.275,18.275,11.275,-0.725,-2.725,4.275,26.275,35.275,26.275,10.275,3.275,8.275,7.275,9.275,14.275,7.275,8.275,5.275,-5.725,-0.725,9.275,18.275,11.275,3.275,1.275,9.275,24.275,33.275,41.275,42.275,28.275,21.275,1.275,-17.725,-20.725,-32.725,-32.725,-28.725,-24.725,-3.725,-2.725,-15.725,-7.725,1.275,-9.725,-23.725,-8.725,-4.725,-1.725,1.275,-2.725,-3.725,-26.725,-19.725,-3.725
