-5.3325,-8.3325,-17.333,-19.333,-23.333,-33.332,-29.333,-20.333,-7.3325,-1.3325,-0.3325,-7.3325,-4.3325,5.6675,11.668,9.6675,9.6675,8.6675,13.668,16.668,18.668,29.668,33.668,42.668,44.668,40.668,40.668,27.668,26.668,36.668,30.668,31.668,32.668,36.668,23.668,10.668,10.668,11.668,13.668,18.668,21.668,23.668,28.668,28.668,26.668,22.668,13.668,6.6675,-1.3325,-2.3325,-5.3325,-7.3325,-15.333,-20.333,-21.333,-18.333,-13.333,-6.3325,3.6675,14.668,22.668,13.668,4.6675,13.668,16.668,15.668,-2.3325,-14.333,-14.333,-14.333,-18.333,-21.333,-13.333,-7.3325,1.6675,11.668,16.668,37.668,44.668,46.668,38.668,17.668,2.6675,3.6675,6.6675,7.6675,13.668,21.668,21.668,15.668,19.668,32.668,32.668,33.668,25.668,25.668,20.668,22.668,38.668,46.668,45.668,36.668,26.668,25.668,27.668,16.668,3.6675,1.6675,3.6675,-0.3325,1.6675,-4.3325,-4.3325,-3.3325,-13.333,-3.3325,4.6675,14.668,22.668,19.668,14.668,10.668,10.668,12.668,18.668,10.668,8.6675,15.668,17.668,14.668,15.668,17.668,15.668,19.668,16.668,10.668,6.6675,0.6675,3.6675,8.6675,19.668,16.668,9.6675,9.6675,6.6675,7.6675,6.6675,7.6675,7.6675,15.668,19.668,25.668,28.668,32.668,33.668,37.668,49.668,55.668,58.668,40.668,24.668,21.668,21.668,20.668,27.668,40.668,53.668,52.668,44.668,40.668,45.668,38.668,25.668,18.668,21.668,26.668,33.668,39.668,40.668,38.668,39.668,39.668,42.668,44.668,48.668,47.668,40.668,31.668,28.668,22.668,25.668,33.668,34.668,35.668,47.668,52.668,58.668,59.668,55.668,55.668,47.668,40.668,40.668,44.668,49.668,42.668,37.668,32.668,30.668,35.668,39.668,37.668,32.668,24.668,19.668,20.668,20.668,21.668,23.668,25.668,20.668,17.668,23.668,20.668,26.668,39.668,48.668,45.668,40.668,41.668,51.668,52.668,50.668,42.668,30.668,27.668,29.668,30.668,32.668,33.668,27.668,22.668,20.668,16.668,8.6675,3.6675,9.6675,7.6675,7.6675,5.6675,3.6675,-3.3325,-5.3325,1.6675,3.6675,4.6675,-0.3325,3.6675,4.6675,1.6675,2.6675,2.6675,6.6675,8.6675,15.668,27.668,31.668,34.668,31.668,34.668,26.668,17.668,17.668,14.668,7.6675,2.6675,6.6675,5.6675,7.6675,-4.3325,-7.3325,-12.333,-19.333,-26.333,-36.332,-47.332,-67.332,-79.332,-85.332,-77.332,-76.332,-75.332,-80.332,-83.332,-87.332,-76.332,-67.332,-65.332,-64.332,-57.332,-49.332,-43.332,-32.332,-24.333,-27.333,-24.333,-17.333,-1.3325,-10.333,-10.333,-10.333,-13.333,-16.333,-15.333,-24.333,-25.333,-27.333,-32.332,-44.332,-47.332,-42.332,-43.332,-57.332,-62.332,-69.332,-79.332,-81.332,-87.332,-89.332,-94.332,-98.332,-97.332,-99.332,-90.332,-77.332,-73.332,-85.332,-76.332,-65.332,-59.332,-61.332,-63.332,-60.332,-53.332,-45.332,-23.333,-11.333,-18.333,-33.332,-43.332,-50.332,-43.332,-28.333,-18.333,-32.332,-37.332,-39.332,-40.332,-41.332,-49.332,-61.332,-69.332,-74.332,-55.332,-38.332,-40.332,-40.332,-45.332,-49.332,-60.332,-50.332,-42.332,-35.332,-24.333,-21.333,-23.333,-28.333,-21.333,-15.333,-14.333,-11.333,-21.333,-21.333,-14.333,-2.3325,-4.3325,-10.333,-20.333,-28.333,-29.333,-28.333,-35.332,-40.332,-50.332,-73.332,-67.332,-46.332,-33.332,-37.332,-42.332
-0.2575,1.7425,8.7425,5.7425,-0.2575,-4.2575,-11.258,-21.258,-23.258,-24.258,-24.258,-31.258,-33.258,-25.258,-12.258,-3.2575,4.7425,1.7425,-0.2575,-1.2575,-3.2575,1.7425,7.7425,9.7425,4.7425,-1.2575,-3.2575,-16.258,-32.258,-36.258,-36.258,-29.258,-35.258,-39.258,-39.258,-35.258,-30.258,-28.258,-27.258,-28.258,-28.258,-25.258,-25.258,-18.258,-20.258,-38.258,-50.258,-55.258,-54.258,-51.258,-50.258,-54.258,-51.258,-49.258,-57.258,-65.257,-61.258,-52.258,-43.258,-38.258,-36.258,-30.258,-25.258,-22.258,-15.258,-13.258,-11.258,-24.258,-30.258,-33.258,-34.258,-30.258,-22.258,-16.258,-15.258,-11.258,-5.2575,-8.2575,-16.258,-18.258,-17.258,-18.258,-24.258,-29.258,-25.258,-31.258,-40.258,-43.258,-39.258,-27.258,-26.258,-20.258,-17.258,-17.258,-16.258,-11.258,-7.2575,-7.2575,-3.2575,9.7425,16.743,12.743,0.7425,-4.2575,-9.2575,-9.2575,-12.258,-14.258,-14.258,-14.258,-12.258,-12.258,-16.258,-21.258,-14.258,-9.2575,-7.2575,-8.2575,-5.2575,-12.258,-26.258,-23.258,-18.258,-8.2575,4.7425,10.743,7.7425,4.7425,6.7425,7.7425,11.743,9.7425,4.7425,-0.2575,4.7425,19.743,28.743,22.743,20.743,21.743,20.743,20.743,20.743,23.743,27.743,25.743,26.743,23.743,22.743,24.743,16.743,13.743,13.743,22.743,19.743,7.7425,8.7425,8.7425,-5.2575,-7.2575,-19.258,-29.258,-39.258,-39.258,-37.258,-29.258,-21.258,-15.258,-15.258,-11.258,-9.2575,-5.2575,10.743,17.743,17.743,15.743,12.743,19.743,23.743,19.743,11.743,9.7425,14.743,20.743,29.743,35.743,39.743,33.743,26.743,20.743,20.743,23.743,20.743,17.743,6.7425,0.7425,3.7425,10.743,18.743,17.743,16.743,14.743,14.743,18.743,18.743,13.743,16.743,19.743,13.743,7.7425,3.7425,12.743,26.743,24.743,30.743,38.743,39.743,30.743,25.743,18.743,14.743,17.743,26.743,36.743,49.743,61.743,68.743,68.743,59.743,55.743,54.743,59.743,59.743,49.743,47.743,49.743,61.743,68.743,66.743,63.743,60.743,54.743,50.743,51.743,48.743,48.743,49.743,53.743,52.743,50.743,47.743,44.743,38.743,27.743,20.743,12.743,17.743,17.743,13.743,10.743,7.7425,6.7425,11.743,9.7425,10.743,15.743,20.743,23.743,19.743,19.743,29.743,40.743,50.743,51.743,54.743,53.743,46.743,35.743,31.743,29.743,32.743,27.743,14.743,4.7425,-5.2575,-8.2575,-4.2575,-0.2575,-9.2575,-10.258,-7.2575,-11.258,-15.258,-17.258,-18.258,-18.258,-13.258,-12.258,-6.2575,8.7425,20.743,29.743,36.743,39.743,43.743,44.743,40.743,27.743,3.7425,-13.258,-26.258,-39.258,-33.258,-28.258,-33.258,-32.258,-37.258,-37.258,-38.258,-35.258,-26.258,-25.258,-27.258,-32.258,-39.258,-41.258,-38.258,-34.258,-9.2575,-5.2575,-13.258,-27.258,-32.258,-36.258,-33.258,-33.258,-36.258,-39.258,-31.258,-27.258,-34.258,-32.258,-21.258,-5.2575,-7.2575,-18.258,-13.258,-16.258,-25.258,-28.258,-25.258,-13.258,-16.258,-18.258,-10.258,-6.2575,-14.258,-22.258,-19.258,-16.258,-19.258,-23.258,-21.258,-25.258,-27.258,-29.258,-23.258,-18.258,-16.258,-18.258,-15.258,-8.2575,-5.2575,-2.2575,0.7425,-4.2575,-8.2575,-16.258,-26.258,-32.258,-22.258,-2.2575,12.743,18.743,22.743,23.743,19.743,17.743,18.743,29.743,40.743,41.743,39.743,36.743,35.743,25.743,14.743,8.7425,12.743,8.7425
54.303,59.303,57.303,53.303,50.303,56.303,56.303,51.303,46.303,42.303,39.303,43.303,44.303,43.303,38.303,37.303,32.303,24.303,16.303,9.3025,10.303,9.3025,8.3025,14.303,13.303,-1.6975,-8.6975,-8.6975,-3.6975,6.3025,10.303,20.303,24.303,15.303,5.3025,-0.6975,-8.6975,-22.697,-24.697,-15.698,1.3025,17.303,18.303,19.303,17.303,14.303,18.303,9.3025,0.3025,-2.6975,-1.6975,-4.6975,-15.698,-2.6975,4.3025,7.3025,6.3025,3.3025,4.3025,-3.6975,-0.6975,4.3025,1.3025,-1.6975,-7.6975,-7.6975,-5.6975,-10.698,-8.6975,-10.698,-13.698,-14.698,-19.697,-16.697,-11.698,-13.698,-15.698,-8.6975,-2.6975,7.3025,17.303,21.303,5.3025,-5.6975,-13.698,-11.698,-16.697,-25.697,-19.697,-10.698,-7.6975,-4.6975,-9.6975,-21.697,-20.697,-11.698,-4.6975,-7.6975,-17.697,-18.697,-25.697,-40.697,-46.697,-49.697,-52.697,-55.697,-60.697,-68.698,-75.698,-83.698,-77.698,-61.697,-49.697,-40.697,-38.697,-45.697,-39.697,-48.697,-61.697,-72.698,-86.698,-92.698,-88.698,-84.698,-88.698,-77.698,-69.698,-78.698,-80.698,-71.698,-59.697,-55.697,-57.697,-53.697,-49.697,-39.697,-33.697,-28.697,-36.697,-45.697,-46.697,-43.697,-38.697,-33.697,-30.697,-33.697,-30.697,-36.697,-43.697,-48.697,-54.697,-46.697,-45.697,-48.697,-42.697,-31.697,-28.697,-28.697,-28.697,-22.697,-24.697,-25.697,-28.697,-32.697,-35.697,-28.697,-21.697,-32.697,-35.697,-43.697,-47.697,-42.697,-35.697,-40.697,-32.697,-24.697,-19.697,-15.698,-14.698,-8.6975,-1.6975,3.3025,11.303,17.303,9.3025,3.3025,9.3025,-4.6975,-19.697,-17.697,3.3025,16.303,15.303,9.3025,-2.6975,-1.6975,-2.6975,-6.6975,-9.6975,-7.6975,-6.6975,-5.6975,1.3025,1.3025,-0.6975,-8.6975,-2.6975,3.3025,2.3025,4.3025,11.303,22.303,24.303,6.3025,-9.6975,-21.697,-32.697,-35.697,-38.697,-35.697,-23.697,-3.6975,2.3025,-1.6975,-5.6975,-4.6975,0.3025,9.3025,17.303,15.303,13.303,17.303,17.303,20.303,19.303,19.303,29.303,22.303,9.3025,2.3025,-4.6975,-15.698,-19.697,-3.6975,18.303,32.303,33.303,27.303,18.303,9.3025,10.303,14.303,13.303,16.303,26.303,34.303,40.303,47.303,51.303,59.303,56.303,40.303,16.303,-3.6975,-8.6975,3.3025,20.303,25.303,32.303,31.303,42.303,51.303,58.303,54.303,45.303,39.303,36.303,41.303,41.303,42.303,36.303,30.303,25.303,19.303,23.303,35.303,38.303,36.303,33.303,29.303,28.303,36.303,27.303,25.303,25.303,18.303,21.303,40.303,49.303,43.303,36.303,32.303,34.303,28.303,28.303,21.303,28.303,29.303,16.303,2.3025,-6.6975,-1.6975,-5.6975,-4.6975,-3.6975,-8.6975,-19.697,-14.698,-5.6975,-5.6975,-10.698,-16.697,-5.6975,-0.6975,-2.6975,9.3025,20.303,19.303,16.303,21.303,29.303,40.303,28.303,6.3025,-14.698,-8.6975,-4.6975,-6.6975,9.3025,29.303,24.303,20.303,33.303,36.303,24.303,15.303,19.303,31.303,44.303,40.303,28.303,17.303,3.3025,5.3025,25.303,38.303,21.303,2.3025,6.3025,18.303,29.303,26.303,22.303,-3.6975,-12.698,-7.6975,-2.6975,6.3025,10.303,17.303,26.303,35.303,39.303,29.303,18.303,12.303,4.3025,0.3025,6.3025,-2.6975,-2.6975,-6.6975,-2.6975,9.3025,21.303,22.303,9.3025,4.3025,4.3025,12.303,15.303,16.303,19.303,19.303,10.303,-2.6975,10.303,30.303,35.303,29.303
86.192,85.192,82.192,76.192,76.192,80.192,74.192,65.192,66.192,63.193,69.192,73.192,71.192,66.192,66.192,70.192,59.193,42.193,30.193,30.193,30.193,23.193,22.193,29.193,31.193,31.193,23.193,17.193,11.193,8.1925,23.193,24.193,1.1925,-10.807,-10.807,-5.8075,-2.8075,-2.8075,-2.8075,-16.807,-18.807,-14.807,-15.807,-14.807,-12.807,-2.8075,-5.8075,-0.8075,2.1925,2.1925,-3.8075,-9.8075,-12.807,-13.807,-15.807,-10.807,-2.8075,-6.8075,-11.807,-6.8075,-9.8075,-9.8075,-10.807,-18.807,-21.807,-21.807,-16.807,-18.807,-20.807,-18.807,-23.807,-20.807,-11.807,-0.8075,0.1925,-11.807,-27.807,-18.807,-5.8075,23.193,44.193,40.193,30.193,28.193,32.193,31.193,23.193,15.193,7.1925,4.1925,1.1925,5.1925,1.1925,-10.807,-14.807,-16.807,-6.8075,-2.8075,-9.8075,-15.807,-12.807,-9.8075,0.1925,3.1925,8.1925,14.193,9.1925,4.1925,-5.8075,-13.807,-17.807,-4.8075,1.1925,5.1925,13.193,13.193,-0.8075,-15.807,-25.807,-31.807,-34.807,-34.807,-33.807,-33.807,-35.807,-30.807,-37.807,-50.807,-55.807,-37.807,-14.807,-4.8075,-11.807,-12.807,-18.807,-23.807,-27.807,-29.807,-38.807,-48.807,-53.807,-48.807,-40.807,-41.807,-42.807,-37.807,-49.807,-46.807,-40.807,-42.807,-27.807,-11.807,-16.807,-12.807,6.1925,18.193,15.193,12.193,6.1925,2.1925,8.1925,17.193,37.193,51.193,50.193,49.193,34.193,22.193,14.193,-2.8075,-7.8075,-1.8075,4.1925,10.193,5.1925,-0.8075,-7.8075,-3.8075,-0.8075,-2.8075,-7.8075,-11.807,-3.8075,-1.8075,-12.807,-14.807,-9.8075,-0.8075,3.1925,0.1925,-16.807,-27.807,-31.807,-32.807,-21.807,-15.807,-18.807,-20.807,-20.807,-18.807,-17.807,-16.807,-24.807,-39.807,-63.807,-59.807,-44.807,-39.807,-39.807,-26.807,-30.807,-17.807,-15.807,-11.807,-14.807,-36.807,-42.807,-29.807,-20.807,-24.807,-19.807,-19.807,-18.807,-11.807,-7.8075,-24.807,-35.807,-31.807,-16.807,-12.807,-26.807,-35.807,-28.807,-28.807,-23.807,-19.807,-16.807,-16.807,-25.807,-42.807,-35.807,-25.807,-28.807,-29.807,-24.807,-19.807,-24.807,-16.807,-18.807,-22.807,-25.807,-15.807,-7.8075,-4.8075,3.1925,15.193,20.193,15.193,12.193,11.193,15.193,12.193,11.193,7.1925,-4.8075,-10.807,0.1925,13.193,17.193,20.193,19.193,14.193,3.1925,-2.8075,-15.807,-15.807,-11.807,-5.8075,4.1925,13.193,18.193,20.193,23.193,20.193,13.193,5.1925,0.1925,0.1925,-4.8075,-7.8075,-3.8075,3.1925,13.193,31.193,31.193,23.193,13.193,5.1925,-3.8075,-1.8075,1.1925,6.1925,10.193,9.1925,4.1925,7.1925,10.193,5.1925,3.1925,-4.8075,-6.8075,1.1925,8.1925,9.1925,12.193,7.1925,-5.8075,-9.8075,-1.8075,7.1925,10.193,10.193,5.1925,3.1925,9.1925,22.193,27.193,29.193,28.193,30.193,24.193,22.193,19.193,20.193,14.193,15.193,18.193,16.193,20.193,16.193,16.193,12.193,15.193,11.193,4.1925,-6.8075,-8.8075,5.1925,15.193,9.1925,5.1925,2.1925,-6.8075,-15.807,-11.807,-12.807,-18.807,-27.807,-17.807,-7.8075,-4.8075,-1.8075,-3.8075,-1.8075,-8.8075,-9.8075,-6.8075,-3.8075,-0.8075,0.1925,-7.8075,-6.8075,5.1925,18.193,8.1925,-0.8075,0.1925,3.1925,11.193,19.193,14.193,6.1925,10.193,9.1925,12.193,15.193,18.193,23.193,32.193,35.193,30.193,25.193,18.193,17.193,26.193,37.193,39.193,37.193,38.193,36.193
20.11,32.11,24.11,14.11,26.11,34.11,33.11,38.11,38.11,23.11,12.11,12.11,13.11,18.11,18.11,21.11,20.11,24.11,29.11,31.11,38.11,53.11,57.11,65.11,70.11,80.11,81.11,79.11,75.11,62.11,47.11,39.11,41.11,44.11,43.11,41.11,35.11,34.11,30.11,27.11,27.11,28.11,25.11,22.11,17.11,15.11,15.11,12.11,9.11,16.11,22.11,30.11,38.11,39.11,34.11,30.11,24.11,24.11,21.11,25.11,17.11,16.11,11.11,9.11,6.11,3.11,0.11,-2.89,-0.89,-4.89,-4.89,-3.89,-0.89,12.11,15.11,14.11,17.11,19.11,16.11,11.11,11.11,9.11,6.11,5.11,12.11,19.11,29.11,30.11,31.11,39.11,41.11,38.11,34.11,22.11,17.11,11.11,5.11,-0.89,-4.89,-14.89,-15.89,-24.89,-31.89,-39.89,-39.89,-30.89,-21.89,-15.89,-9.89,-5.89,-4.89,-4.89,-3.89,-6.89,-8.89,-11.89,0.11,7.11,5.11,-4.89,-7.89,-7.89,-8.89,-8.89,-9.89,-8.89,-12.89,-11.89,-4.89,1.11,-2.89,-12.89,-19.89,-24.89,-21.89,-19.89,-16.89,-23.89,-33.89,-28.89,-18.89,-20.89,-21.89,-16.89,-21.89,-25.89,-31.89,-31.89,-33.89,-31.89,-37.89,-40.89,-47.89,-46.89,-56.89,-49.89,-43.89,-40.89,-38.89,-39.89,-38.89,-34.89,-37.89,-35.89,-35.89,-28.89,-24.89,-34.89,-39.89,-38.89,-29.89,-38.89,-47.89,-43.89,-38.89,-33.89,-22.89,-23.89,-28.89,-27.89,-26.89,-21.89,-17.89,-10.89,3.11,0.11,-8.89,-15.89,-18.89,-18.89,-18.89,-21.89,-27.89,-24.89,-25.89,-26.89,-28.89,-21.89,-16.89,-25.89,-27.89,-26.89,-22.89,-13.89,-15.89,-18.89,-25.89,-15.89,-13.89,-14.89,-13.89,-20.89,-25.89,-27.89,-15.89,-8.89,-13.89,-11.89,-20.89,-33.89,-27.89,-9.89,-2.89,-15.89,-16.89,-11.89,-12.89,-9.89,-16.89,-22.89,-16.89,-18.89,-26.89,-21.89,-20.89,-19.89,-7.89,-11.89,-4.89,1.11,-7.89,-12.89,-9.89,-3.89,-1.89,-7.89,2.11,11.11,3.11,1.11,2.11,3.11,2.11,-0.89,5.11,11.11,17.11,9.11,4.11,0.11,9.11,12.11,8.11,5.11,13.11,23.11,25.11,27.11,28.11,35.11,25.11,24.11,34.11,41.11,38.11,31.11,21.11,15.11,3.11,-7.89,-1.89,5.11,9.11,17.11,23.11,25.11,12.11,3.11,13.11,16.11,20.11,22.11,26.11,26.11,30.11,32.11,27.11,34.11,33.11,28.11,24.11,27.11,20.11,15.11,12.11,7.11,14.11,19.11,15.11,17.11,16.11,20.11,26.11,25.11,12.11,7.11,10.11,10.11,1.11,-4.89,-16.89,-33.89,-39.89,-36.89,-38.89,-35.89,-28.89,-18.89,-19.89,-14.89,-15.89,-14.89,-20.89,-14.89,-12.89,-6.89,2.11,10.11,5.11,-4.89,-7.89,-6.89,3.11,10.11,6.11,8.11,15.11,19.11,14.11,2.11,-3.89,4.11,10.11,18.11,22.11,18.11,14.11,16.11,11.11,10.11,17.11,12.11,4.11,-8.89,-19.89,-13.89,-15.89,-23.89,-30.89,-33.89,-25.89,-13.89,-15.89,-12.89,2.11,7.11,3.11,-3.89,-4.89,-3.89,-4.89,-7.89,-7.89,-6.89,-1.89,-3.89,-8.89,-18.89,-22.89,-18.89,-15.89,-12.89,-11.89,-10.89,-10.89,-9.89,-17.89,-17.89,-19.89,-23.89
25.015,23.015,13.015,6.015,9.015,7.015,3.015,0.015,0.015,6.015,3.015,4.015,8.015,10.015,11.015,6.015,8.015,8.015,11.015,12.015,17.015,20.015,24.015,29.015,35.015,44.015,54.015,56.015,49.015,38.015,24.015,18.015,26.015,25.015,18.015,14.015,10.015,11.015,5.015,-0.985,-0.985,0.015,2.015,3.015,7.015,11.015,5.015,7.015,10.015,11.015,15.015,18.015,28.015,34.015,30.015,30.015,20.015,12.015,7.015,4.015,-0.985,2.015,-0.985,-10.985,-12.985,-21.985,-22.985,-20.985,-16.985,-8.985,-0.985,-6.985,-13.985,-12.985,-5.985,1.015,6.015,10.015,13.015,14.015,6.015,-3.985,-5.985,-4.985,3.015,5.015,4.015,2.015,-0.985,1.015,4.015,4.015,6.015,12.015,6.015,-6.985,-15.985,-21.985,-26.985,-32.985,-30.985,-32.985,-27.985,-23.985,-12.985,-5.985,6.015,12.015,18.015,21.015,24.015,25.015,20.015,15.015,8.015,8.015,16.015,26.015,26.015,26.015,25.015,19.015,13.015,13.015,11.015,5.015,-2.985,-1.985,2.015,4.015,12.015,18.015,19.015,17.015,16.015,15.015,12.015,8.015,-8.985,-12.985,-13.985,-12.985,-10.985,-2.985,-5.985,-4.985,-14.985,-19.985,-24.985,-28.985,-31.985,-30.985,-27.985,-25.985,-31.985,-33.985,-36.985,-37.985,-40.985,-39.985,-34.985,-32.985,-42.985,-52.985,-54.985,-51.985,-46.985,-53.985,-52.985,-47.985,-34.985,-31.985,-32.985,-29.985,-28.985,-30.985,-31.985,-29.985,-24.985,-22.985,-21.985,-20.985,-20.985,-20.985,-25.985,-28.985,-32.985,-38.985,-44.985,-52.985,-51.985,-41.985,-32.985,-31.985,-29.985,-27.985,-19.985,-16.985,-26.985,-38.985,-38.985,-28.985,-20.985,-12.985,-8.985,-8.985,-16.985,-12.985,-15.985,-23.985,-24.985,-26.985,-32.985,-37.985,-31.985,-27.985,-32.985,-28.985,-26.985,-26.985,-29.985,-23.985,-10.985,-6.985,-9.985,-21.985,-25.985,-26.985,-21.985,-11.985,-5.985,-11.985,-11.985,-8.985,-10.985,-9.985,-9.985,-5.985,-5.985,-12.985,-18.985,-11.985,-8.985,-10.985,-13.985,-9.985,-5.985,-0.985,0.015,-1.985,-1.985,-9.985,-13.985,-11.985,-10.985,-6.985,-3.985,3.015,6.015,5.015,9.015,8.015,13.015,5.015,-2.985,-0.985,5.015,4.015,10.015,17.015,16.015,16.015,19.015,26.015,35.015,34.015,29.015,28.015,16.015,15.015,13.015,12.015,14.015,13.015,13.015,12.015,8.015,7.015,5.015,6.015,12.015,14.015,16.015,20.015,20.015,15.015,18.015,27.015,29.015,21.015,21.015,24.015,23.015,21.015,14.015,14.015,13.015,14.015,7.015,14.015,22.015,24.015,24.015,15.015,5.015,2.015,5.015,5.015,1.015,-2.985,-5.985,-8.985,-11.985,-12.985,-19.985,-21.985,-15.985,-10.985,-0.985,6.015,3.015,-0.985,5.015,10.015,14.015,12.015,5.015,0.015,0.015,7.015,22.015,27.015,33.015,32.015,29.015,20.015,18.015,16.015,18.015,22.015,21.015,19.015,19.015,16.015,19.015,5.015,10.015,17.015,15.015,10.015,11.015,15.015,16.015,21.015,9.015,5.015,4.015,2.015,1.015,6.015,6.015,4.015,1.015,2.015,-0.985,1.015,8.015,22.015,24.015,25.015,28.015,34.015,34.015,35.015,28.015,19.015,12.015,4.015,4.015,3.015,4.015,7.015,10.015,13.015,17.015,18.015,16.015,17.015,17.015,21.015
14.983,7.9825,4.9825,-1.0175,-5.0175,-11.017,-16.017,-24.017,-19.017,-12.017,-11.017,-6.0175,-4.0175,4.9825,7.9825,6.9825,-0.0175,0.9825,3.9825,1.9825,4.9825,7.9825,10.983,10.983,13.983,14.983,26.983,37.983,45.983,38.983,35.983,36.983,37.983,26.983,11.983,2.9825,3.9825,8.9825,10.983,8.9825,9.9825,9.9825,8.9825,2.9825,-3.0175,-1.0175,0.9825,6.9825,8.9825,9.9825,4.9825,14.983,21.983,26.983,29.983,25.983,25.983,22.983,12.983,10.983,6.9825,3.9825,0.9825,3.9825,-0.0175,-8.0175,-11.017,-10.017,-10.017,-5.0175,1.9825,2.9825,-8.0175,-14.017,-7.0175,3.9825,3.9825,6.9825,14.983,15.983,8.9825,-9.0175,-8.0175,-8.0175,-8.0175,2.9825,2.9825,3.9825,7.9825,10.983,11.983,7.9825,9.9825,6.9825,-0.0175,-9.0175,-18.017,-12.017,-17.017,-28.017,-30.017,-27.017,-15.017,-9.0175,-0.0175,10.983,25.983,36.983,40.983,34.983,30.983,24.983,15.983,9.9825,14.983,24.983,31.983,33.983,33.983,34.983,39.983,40.983,34.983,31.983,26.983,26.983,24.983,28.983,32.983,36.983,39.983,40.983,37.983,37.983,35.983,26.983,23.983,14.983,5.9825,-6.0175,-6.0175,-8.0175,-10.017,4.9825,9.9825,6.9825,-8.0175,-17.017,-17.017,-21.017,-14.017,-8.0175,-6.0175,-5.0175,-8.0175,-18.017,-30.017,-27.017,-17.017,-3.0175,-7.0175,-12.017,-12.017,-19.017,-23.017,-28.017,-32.017,-38.017,-25.017,-22.017,-15.017,-15.017,-11.017,-10.017,-20.017,-30.017,-37.017,-36.017,-30.017,-21.017,-22.017,-29.017,-35.017,-26.017,-25.017,-29.017,-30.017,-22.017,-26.017,-32.017,-37.017,-35.017,-30.017,-16.017,-12.017,-12.017,-8.0175,-16.017,-26.017,-22.017,-16.017,-10.017,-9.0175,-16.017,-10.017,-7.0175,-6.0175,-12.017,-11.017,-23.017,-19.017,-15.017,-16.017,-16.017,-12.017,-9.0175,-3.0175,-4.0175,-2.0175,2.9825,1.9825,0.9825,1.9825,-2.0175,-9.0175,-13.017,-10.017,-17.017,-13.017,-13.017,-14.017,-16.017,-13.017,-12.017,-14.017,-13.017,-20.017,-22.017,-19.017,-25.017,-33.017,-34.017,-32.017,-22.017,-18.017,-17.017,-16.017,-17.017,-22.017,-19.017,-25.017,-34.017,-40.017,-40.017,-34.017,-35.017,-33.017,-31.017,-28.017,-26.017,-21.017,-14.017,-10.017,-8.0175,-8.0175,-9.0175,-10.017,-15.017,-18.017,-20.017,-20.017,-19.017,-17.017,-13.017,-5.0175,-4.0175,0.9825,2.9825,0.9825,-6.0175,-9.0175,-9.0175,-11.017,-18.017,-18.017,-19.017,-14.017,-16.017,-15.017,-13.017,-6.0175,1.9825,0.9825,5.9825,11.983,16.983,19.983,27.983,27.983,19.983,12.983,11.983,11.983,15.983,11.983,11.983,12.983,4.9825,2.9825,10.983,18.983,22.983,22.983,12.983,6.9825,4.9825,10.983,4.9825,-0.0175,3.9825,9.9825,11.983,11.983,0.9825,-4.0175,-3.0175,1.9825,10.983,16.983,13.983,12.983,7.9825,14.983,14.983,11.983,10.983,4.9825,-0.0175,-1.0175,7.9825,22.983,28.983,30.983,27.983,27.983,22.983,18.983,12.983,13.983,15.983,19.983,8.9825,-5.0175,-5.0175,-7.0175,-13.017,-7.0175,-0.0175,-5.0175,-14.017,-14.017,-2.0175,4.9825,6.9825,-3.0175,-7.0175,-11.017,-15.017,-7.0175,3.9825,4.9825,7.9825,8.9825,10.983,10.983,12.983,15.983,15.983,14.983,13.983,16.983,20.983,25.983,25.983,24.983,16.983,14.983,10.983,7.9825,6.9825,4.9825,8.9825,4.9825,1.9825,8.9825,4.9825,6.9825,8.9825,19.983,20.983
4.4,0.4,1.4,5.4,5.4,6.4,7.4,-0.6,-3.6,-0.6,-0.6,-0.6,-0.6,10.4,12.4,0.4,-12.6,-12.6,-3.6,1.4,2.4,5.4,13.4,14.4,8.4,13.4,26.4,37.4,37.4,28.4,22.4,18.4,26.4,22.4,14.4,8.4,16.4,19.4,17.4,7.4,0.4,-4.6,-7.6,-8.6,-9.6,-5.6,-4.6,-3.6,0.4,5.4,8.4,13.4,14.4,16.4,17.4,10.4,9.4,12.4,10.4,6.4,0.4,-1.6,-3.6,-1.6,-1.6,-6.6,-5.6,-4.6,-7.6,-11.6,-3.6,8.4,10.4,7.4,11.4,17.4,14.4,6.4,9.4,18.4,19.4,7.4,-2.6,-5.6,-3.6,4.4,9.4,8.4,4.4,6.4,1.4,1.4,1.4,-7.6,-9.6,-10.6,-4.6,-7.6,-20.6,-36.6,-37.6,-24.6,-8.6,0.4,2.4,10.4,21.4,32.4,36.4,32.4,28.4,7.4,-11.6,-16.6,-11.6,2.4,12.4,12.4,11.4,10.4,8.4,7.4,10.4,12.4,14.4,19.4,20.4,24.4,28.4,38.4,44.4,38.4,39.4,38.4,36.4,34.4,28.4,23.4,21.4,17.4,10.4,3.4,1.4,-0.6,5.4,4.4,1.4,-3.6,-8.6,-10.6,-9.6,-3.6,-3.6,-7.6,-7.6,-5.6,-8.6,-7.6,4.4,18.4,7.4,3.4,5.4,2.4,0.4,-2.6,-8.6,-9.6,-4.6,-6.6,-9.6,-13.6,-5.6,-5.6,-15.6,-23.6,-21.6,-20.6,-11.6,-7.6,-4.6,-1.6,-2.6,-13.6,-10.6,-9.6,-13.6,-11.6,-11.6,-5.6,-4.6,-2.6,-8.6,1.4,9.4,4.4,4.4,2.4,-5.6,-3.6,-1.6,1.4,0.4,-6.6,-14.6,-16.6,-7.6,-11.6,-13.6,-11.6,-9.6,-13.6,-11.6,-7.6,-4.6,-0.6,9.4,17.4,21.4,16.4,3.4,-0.6,-8.6,-14.6,-11.6,-9.6,-7.6,-6.6,-6.6,-4.6,-6.6,-16.6,-25.6,-24.6,-23.6,-22.6,-27.6,-29.6,-27.6,-36.6,-48.6,-47.6,-32.6,-34.6,-32.6,-28.6,-28.6,-27.6,-25.6,-27.6,-34.6,-43.6,-45.6,-37.6,-29.6,-30.6,-31.6,-29.6,-26.6,-15.6,-18.6,-22.6,-20.6,-15.6,-17.6,-16.6,-15.6,-20.6,-20.6,-24.6,-30.6,-29.6,-33.6,-35.6,-25.6,-17.6,-8.6,-10.6,-11.6,-3.6,-5.6,-3.6,-8.6,-16.6,-18.6,-21.6,-13.6,-12.6,-8.6,-5.6,-2.6,2.4,-2.6,-2.6,8.4,10.4,13.4,20.4,20.4,12.4,10.4,5.4,6.4,7.4,13.4,22.4,25.4,20.4,20.4,21.4,21.4,18.4,23.4,21.4,19.4,18.4,15.4,15.4,25.4,16.4,6.4,-1.6,1.4,1.4,3.4,5.4,13.4,12.4,19.4,19.4,15.4,14.4,27.4,28.4,24.4,22.4,20.4,16.4,19.4,25.4,30.4,31.4,30.4,27.4,22.4,15.4,7.4,6.4,4.4,8.4,13.4,12.4,5.4,-3.6,0.4,-0.6,1.4,5.4,-2.6,-11.6,-7.6,-2.6,1.4,6.4,0.4,-4.6,-12.6,-18.6,-10.6,-3.6,-3.6,-5.6,-1.6,4.4,-0.6,0.4,1.4,-7.6,-16.6,-17.6,-12.6,-8.6,-3.6,6.4,6.4,-0.6,1.4,-4.6,-7.6,-5.6,-4.6,-2.6,-7.6,-11.6,-14.6,-15.6,-10.6,-5.6,0.4,-3.6
-69.83,-77.83,-73.83,-70.83,-62.83,-60.83,-58.83,-49.83,-51.83,-47.83,-33.83,-18.83,-10.83,-17.83,-23.83,-22.83,-16.83,-15.83,-17.83,-10.83,-14.83,-32.83,-47.83,-44.83,-45.83,-47.83,-46.83,-40.83,-48.83,-43.83,-34.83,-33.83,-35.83,-21.83,-9.83,-9.83,-7.83,-6.83,-2.83,1.17,-4.83,-8.83,-4.83,7.17,16.17,23.17,34.17,31.17,19.17,19.17,29.17,31.17,17.17,-0.83,-10.83,-4.83,9.17,7.17,7.17,3.17,10.17,18.17,15.17,19.17,27.17,20.17,14.17,18.17,13.17,-2.83,-3.83,3.17,13.17,17.17,16.17,14.17,11.17,5.17,3.17,-10.83,-8.83,5.17,22.17,29.17,25.17,7.17,-1.83,-4.83,-11.83,-18.83,-24.83,-30.83,-36.83,-37.83,-27.83,-18.83,-11.83,-0.83,2.17,-9.83,-13.83,-5.83,-11.83,-4.83,-8.83,-14.83,-15.83,-7.83,-4.83,-3.83,-11.83,-2.83,4.17,7.17,18.17,27.17,22.17,17.17,12.17,12.17,13.17,19.17,26.17,28.17,24.17,17.17,15.17,3.17,1.17,-1.83,-0.83,4.17,9.17,8.17,2.17,3.17,6.17,13.17,18.17,20.17,23.17,25.17,18.17,17.17,19.17,21.17,25.17,27.17,29.17,31.17,22.17,12.17,9.17,-0.83,-1.83,-1.83,10.17,15.17,9.17,2.17,3.17,-8.83,-18.83,-21.83,-18.83,-23.83,-20.83,-14.83,-20.83,-17.83,-9.83,-8.83,-8.83,-3.83,4.17,14.17,18.17,16.17,14.17,16.17,19.17,23.17,17.17,9.17,1.17,-1.83,-5.83,-6.83,-13.83,-16.83,-20.83,-29.83,-27.83,-25.83,-26.83,-25.83,-25.83,-23.83,-9.83,0.17,3.17,-0.83,0.17,8.17,7.17,10.17,9.17,-3.83,-7.83,-1.83,3.17,5.17,8.17,7.17,7.17,8.17,12.17,14.17,18.17,30.17,31.17,26.17,28.17,31.17,37.17,41.17,43.17,39.17,31.17,23.17,22.17,23.17,22.17,16.17,13.17,16.17,20.17,30.17,31.17,30.17,23.17,24.17,21.17,17.17,14.17,12.17,22.17,17.17,17.17,22.17,32.17,36.17,34.17,32.17,27.17,23.17,15.17,10.17,10.17,12.17,18.17,26.17,38.17,43.17,42.17,39.17,33.17,37.17,42.17,39.17,33.17,31.17,31.17,28.17,26.17,23.17,20.17,16.17,10.17,6.17,7.17,7.17,13.17,15.17,19.17,15.17,12.17,10.17,10.17,9.17,9.17,3.17,7.17,10.17,11.17,9.17,10.17,11.17,12.17,10.17,8.17,-1.83,-12.83,-12.83,-11.83,-6.83,-7.83,-5.83,-3.83,-8.83,-12.83,-15.83,-13.83,-7.83,1.17,7.17,10.17,17.17,15.17,13.17,16.17,11.17,2.17,3.17,10.17,7.17,-0.83,-8.83,-9.83,0.17,3.17,8.17,16.17,21.17,27.17,23.17,24.17,23.17,18.17,10.17,1.17,0.17,-0.83,2.17,3.17,0.17,-14.83,-25.83,-25.83,-18.83,-16.83,-16.83,-11.83,-6.83,-12.83,-18.83,-19.83,-18.83,-17.83,-18.83,-14.83,-4.83,-4.83,-11.83,-16.83,-12.83,-10.83,-10.83,-18.83,-26.83,-31.83,-46.83,-63.83,-68.83,-60.83,-42.83,-22.83,-17.83,-20.83,-29.83,-38.83,-45.83,-55.83,-55.83,-49.83,-35.83,-32.83,-29.83,-23.83,-15.83,-11.83,-11.83,-10.83,-5.83,-0.83,-0.83,0.17,0.17,-3.83,-8.83
-40.913,-47.913,-41.913,-36.913,-35.913,-36.913,-29.913,-27.913,-29.913,-26.913,-25.913,-20.913,-24.913,-31.913,-32.913,-29.913,-28.913,-28.913,-37.913,-44.913,-49.913,-49.913,-50.913,-55.913,-47.913,-43.913,-45.913,-43.913,-39.913,-36.913,-37.913,-34.913,-31.913,-24.913,-20.913,-12.913,-7.9125,-7.9125,-6.9125,-8.9125,-6.9125,-1.9125,0.0875,1.0875,2.0875,4.0875,5.0875,9.0875,11.087,15.087,18.087,20.087,14.087,9.0875,3.0875,-0.9125,-0.9125,5.0875,4.0875,10.087,18.087,21.087,24.087,25.087,21.087,22.087,13.087,14.087,16.087,18.087,18.087,20.087,19.087,10.087,6.0875,-0.9125,-6.9125,-8.9125,-13.913,-24.913,-24.913,-11.913,2.0875,7.0875,7.0875,-1.9125,-8.9125,-2.9125,-3.9125,-11.913,-14.913,-19.913,-24.913,-14.913,-6.9125,-5.9125,-4.9125,-3.9125,-0.9125,6.0875,11.087,19.087,19.087,20.087,23.087,20.087,15.087,9.0875,2.0875,-4.9125,-4.9125,-4.9125,-6.9125,1.0875,-1.9125,5.0875,7.0875,9.0875,16.087,15.087,12.087,8.0875,6.0875,12.087,13.087,15.087,15.087,14.087,13.087,8.0875,-0.9125,-4.9125,-8.9125,-8.9125,-2.9125,-1.9125,-0.9125,2.0875,7.0875,7.0875,0.0875,-6.9125,-10.913,-14.913,-5.9125,-0.9125,1.0875,2.0875,7.0875,9.0875,8.0875,4.0875,4.0875,-1.9125,-3.9125,0.0875,2.0875,-0.9125,-1.9125,4.0875,12.087,14.087,10.087,2.0875,0.0875,5.0875,12.087,19.087,15.087,9.0875,3.0875,-1.9125,-4.9125,0.0875,6.0875,8.0875,2.0875,-2.9125,-9.9125,-17.913,-17.913,-10.913,-7.9125,-9.9125,-14.913,-18.913,-17.913,-11.913,-1.9125,6.0875,6.0875,6.0875,5.0875,10.087,7.0875,8.0875,12.087,13.087,11.087,10.087,4.0875,-3.9125,-0.9125,2.0875,9.0875,14.087,13.087,9.0875,11.087,11.087,3.0875,3.0875,6.0875,15.087,13.087,13.087,7.0875,10.087,17.087,19.087,12.087,9.0875,12.087,14.087,15.087,19.087,23.087,24.087,16.087,10.087,9.0875,7.0875,8.0875,5.0875,8.0875,11.087,11.087,12.087,12.087,14.087,21.087,25.087,17.087,12.087,13.087,13.087,17.087,21.087,21.087,25.087,34.087,35.087,33.087,31.087,25.087,23.087,22.087,23.087,24.087,23.087,18.087,15.087,13.087,13.087,18.087,14.087,11.087,9.0875,9.0875,11.087,9.0875,7.0875,15.087,15.087,21.087,25.087,20.087,16.087,12.087,8.0875,7.0875,9.0875,12.087,16.087,22.087,20.087,19.087,19.087,15.087,13.087,7.0875,-1.9125,-8.9125,-15.913,-17.913,-19.913,-19.913,-17.913,-13.913,-8.9125,-11.913,-14.913,-25.913,-28.913,-26.913,-28.913,-32.913,-25.913,-22.913,-20.913,-21.913,-22.913,-19.913,-19.913,-15.913,-7.9125,-6.9125,-8.9125,-5.9125,-4.9125,-0.9125,0.0875,-2.9125,-1.9125,2.0875,5.0875,-2.9125,-14.913,-17.913,-13.913,-3.9125,-6.9125,-5.9125,-4.9125,-2.9125,-2.9125,4.0875,-2.9125,-9.9125,-13.913,-5.9125,-3.9125,-8.9125,-6.9125,-3.9125,5.0875,2.0875,-3.9125,-3.9125,-4.9125,0.0875,2.0875,5.0875,6.0875,3.0875,3.0875,6.0875,11.087,8.0875,5.0875,7.0875,11.087,7.0875,6.0875,10.087,12.087,11.087,10.087,10.087,8.0875,0.0875,-4.9125,-9.9125,-17.913,-12.913,-4.9125,4.0875,2.0875,0.0875,6.0875,3.0875,-0.9125,-4.9125,-8.9125,-16.913,-15.913,-10.913,-2.9125,5.0875,10.087,10.087,6.0875,2.0875,4.0875,5.0875,8.0875,8.0875,6.0875,0.0875,-3.9125
2.82,-1.18,1.82,9.82,9.82,8.82,3.82,-1.18,-3.18,1.82,2.82,-7.18,-21.18,-22.18,-21.18,-26.18,-35.18,-43.18,-46.18,-46.18,-42.18,-45.18,-52.18,-59.18,-59.18,-51.18,-53.18,-50.18,-45.18,-47.18,-48.18,-58.18,-52.18,-47.18,-34.18,-22.18,-27.18,-33.18,-31.18,-35.18,-37.18,-31.18,-26.18,-21.18,-17.18,-15.18,-19.18,-15.18,-15.18,-18.18,-19.18,-17.18,-18.18,-14.18,-10.18,-11.18,-14.18,-6.18,-4.18,-6.18,-5.18,-1.18,4.82,5.82,-4.18,-4.18,-1.18,-0.18,-0.18,6.82,11.82,2.82,-4.18,-6.18,-2.18,9.82,27.82,24.82,11.82,-11.18,-30.18,-29.18,-17.18,-17.18,-18.18,-26.18,-26.18,-25.18,-28.18,-28.18,-26.18,-28.18,-22.18,-9.18,-3.18,-9.18,-25.18,-34.18,-38.18,-25.18,-15.18,-3.18,5.82,12.82,12.82,3.82,-12.18,-23.18,-35.18,-39.18,-42.18,-40.18,-38.18,-40.18,-51.18,-65.18,-69.18,-63.18,-46.18,-35.18,-28.18,-33.18,-31.18,-27.18,-29.18,-23.18,-17.18,-11.18,-22.18,-35.18,-45.18,-47.18,-40.18,-34.18,-19.18,-13.18,-21.18,-18.18,-10.18,-11.18,-24.18,-17.18,-7.18,-8.18,-12.18,-16.18,-18.18,-8.18,3.82,8.82,10.82,2.82,1.82,5.82,5.82,-0.18,-3.18,-4.18,-2.18,7.82,24.82,29.82,34.82,28.82,32.82,37.82,45.82,55.82,56.82,43.82,33.82,31.82,28.82,29.82,37.82,42.82,31.82,29.82,21.82,4.82,-12.18,-16.18,-16.18,-5.18,-7.18,0.82,6.82,10.82,20.82,21.82,26.82,18.82,13.82,17.82,21.82,17.82,28.82,29.82,29.82,26.82,19.82,13.82,6.82,8.82,16.82,23.82,27.82,27.82,28.82,27.82,29.82,28.82,32.82,37.82,35.82,29.82,19.82,11.82,16.82,20.82,15.82,8.82,3.82,7.82,5.82,8.82,12.82,15.82,19.82,19.82,20.82,29.82,37.82,35.82,36.82,37.82,28.82,26.82,24.82,23.82,27.82,29.82,28.82,27.82,30.82,28.82,24.82,27.82,31.82,33.82,42.82,46.82,38.82,26.82,14.82,3.82,2.82,9.82,12.82,8.82,-5.18,-12.18,-14.18,-10.18,-2.18,1.82,4.82,8.82,4.82,-5.18,-6.18,-8.18,-12.18,-7.18,1.82,0.82,-1.18,-4.18,-2.18,-2.18,2.82,3.82,7.82,14.82,18.82,19.82,22.82,22.82,14.82,16.82,15.82,7.82,-0.18,-6.18,-16.18,-23.18,-19.18,-17.18,-10.18,-14.18,-8.18,-10.18,-13.18,-17.18,-17.18,-16.18,-20.18,-16.18,0.82,-6.18,-10.18,-9.18,-10.18,-5.18,2.82,-2.18,-2.18,-7.18,-4.18,6.82,13.82,13.82,9.82,5.82,8.82,4.82,-8.18,-10.18,-13.18,-8.18,-8.18,-14.18,-8.18,-9.18,-7.18,-1.18,5.82,0.82,-12.18,-10.18,-0.18,5.82,-1.18,-4.18,1.82,-3.18,-0.18,-2.18,-0.18,-2.18,-4.18,2.82,-1.18,-1.18,4.82,17.82,17.82,10.82,10.82,18.82,22.82,22.82,24.82,26.82,33.82,28.82,27.82,29.82,27.82,25.82,27.82,33.82,36.82,31.82,27.82,34.82,27.82,15.82,15.82,20.82,18.82,15.82,15.82,10.82,1.82,3.82,14.82,28.82,31.82,24.82,20.82,19.82,29.82,28.82,18.82,17.82,9.82,6.82,-0.18,10.82
7.245,9.245,11.245,14.245,10.245,6.245,-0.755,-0.755,1.245,5.245,9.245,1.245,-0.755,-8.755,-7.755,-6.755,-7.755,-10.755,-9.755,-10.755,-23.755,-25.755,-27.755,-33.755,-34.755,-31.755,-39.755,-38.755,-33.755,-27.755,-29.755,-42.755,-41.755,-31.755,-20.755,-21.755,-35.755,-40.755,-34.755,-27.755,-25.755,-30.755,-28.755,-28.755,-21.755,-19.755,-18.755,-18.755,-13.755,-27.755,-38.755,-30.755,-8.755,-16.755,-18.755,-17.755,-12.755,-9.755,-7.755,-3.755,-3.755,-6.755,-11.755,-10.755,-10.755,9.245,14.245,3.245,5.245,16.245,19.245,18.245,16.245,11.245,6.245,9.245,17.245,11.245,-0.755,-15.755,-32.755,-30.755,-17.755,-18.755,-28.755,-36.755,-49.755,-51.755,-53.755,-51.755,-37.755,-29.755,-25.755,-16.755,-14.755,-17.755,-15.755,-18.755,-15.755,-7.755,2.245,11.245,22.245,30.245,27.245,17.245,12.245,11.245,10.245,15.245,16.245,13.245,13.245,8.245,-4.755,-23.755,-27.755,-24.755,-20.755,-11.755,-3.755,-0.755,4.245,-2.755,-6.755,-3.755,8.245,20.245,14.245,1.245,-10.755,-17.755,-15.755,-11.755,-15.755,-24.755,-28.755,-27.755,-20.755,-13.755,-15.755,-13.755,-8.755,-12.755,-9.755,-14.755,-10.755,-12.755,-12.755,-5.755,0.245,-5.755,-12.755,-8.755,-1.755,-2.755,-5.755,0.245,0.245,9.245,25.245,29.245,26.245,25.245,35.245,42.245,40.245,51.245,52.245,42.245,31.245,30.245,21.245,15.245,17.245,22.245,21.245,21.245,14.245,13.245,1.245,2.245,0.245,1.245,6.245,9.245,10.245,8.245,12.245,24.245,29.245,26.245,23.245,19.245,17.245,16.245,4.245,2.245,5.245,3.245,-6.755,-11.755,-17.755,-14.755,4.245,12.245,9.245,4.245,11.245,13.245,11.245,9.245,11.245,14.245,3.245,0.245,2.245,-1.755,6.245,6.245,2.245,-2.755,-6.755,2.245,-1.755,-10.755,-20.755,-19.755,-13.755,-8.755,-8.755,-6.755,-2.755,1.245,10.245,11.245,6.245,2.245,0.245,3.245,3.245,0.245,-2.755,1.245,4.245,2.245,-6.755,-8.755,-1.755,-0.755,-3.755,1.245,4.245,5.245,0.245,-1.755,-5.755,-8.755,-7.755,-7.755,-8.755,-16.755,-19.755,-13.755,-16.755,-11.755,-0.755,3.245,-2.755,-11.755,-12.755,-10.755,-7.755,-4.755,3.245,5.245,5.245,-6.755,-19.755,-21.755,-12.755,4.245,16.245,13.245,7.245,7.245,12.245,11.245,12.245,10.245,8.245,5.245,1.245,-5.755,-16.755,-19.755,-18.755,-19.755,-16.755,-16.755,-15.755,-9.755,-4.755,-1.755,0.245,-5.755,-7.755,-4.755,8.245,13.245,15.245,19.245,20.245,19.245,17.245,21.245,32.245,35.245,35.245,41.245,42.245,41.245,31.245,31.245,30.245,32.245,27.245,26.245,18.245,19.245,21.245,17.245,17.245,20.245,16.245,9.245,3.245,7.245,7.245,6.245,2.245,7.245,-1.755,-3.755,-2.755,3.245,10.245,13.245,9.245,9.245,7.245,6.245,8.245,9.245,16.245,19.245,13.245,15.245,17.245,14.245,14.245,15.245,16.245,12.245,8.245,10.245,11.245,11.245,10.245,13.245,9.245,16.245,19.245,13.245,9.245,11.245,6.245,-0.755,-3.755,-2.755,6.245,13.245,11.245,9.245,0.245,-0.755,9.245,22.245,15.245,9.245,-0.755,-3.755,3.245,11.245,10.245,6.245,-0.755,-3.755,-6.755,1.245
-21.433,-20.433,-18.433,-17.433,-15.433,-19.433,-20.433,-15.433,-13.433,-10.433,-14.433,-18.433,-21.433,-29.433,-26.433,-19.433,-9.4325,-6.4325,-9.4325,-7.4325,-10.433,-27.433,-30.433,-37.432,-35.432,-41.432,-44.432,-39.432,-30.433,-27.433,-19.433,-3.4325,2.5675,3.5675,1.5675,-6.4325,-11.433,-7.4325,-10.433,-9.4325,-20.433,-22.433,-33.432,-46.432,-47.432,-44.432,-29.433,-13.433,-5.4325,-15.433,-24.433,-31.433,-29.433,-27.433,-20.433,-16.433,-14.433,-13.433,-6.4325,-3.4325,-2.4325,2.5675,4.5675,2.5675,9.5675,21.567,33.568,35.568,37.568,38.568,34.568,28.567,28.567,21.567,16.567,11.567,12.567,10.567,9.5675,14.567,26.567,31.567,32.568,34.568,41.568,44.568,46.568,43.568,42.568,42.568,36.568,14.567,7.5675,5.5675,12.567,16.567,21.567,35.568,51.568,52.568,40.568,34.568,39.568,35.568,31.567,28.567,23.567,20.567,21.567,25.567,20.567,21.567,21.567,16.567,21.567,16.567,11.567,9.5675,3.5675,0.5675,6.5675,7.5675,8.5675,8.5675,16.567,14.567,16.567,19.567,19.567,20.567,20.567,25.567,23.567,23.567,17.567,14.567,14.567,11.567,4.5675,-0.4325,3.5675,2.5675,0.5675,-2.4325,-0.4325,1.5675,4.5675,2.5675,-4.4325,-0.4325,10.567,15.567,20.567,7.5675,-10.433,-13.433,6.5675,15.567,8.5675,0.5675,-7.4325,-0.4325,9.5675,12.567,13.567,13.567,16.567,15.567,11.567,5.5675,3.5675,9.5675,12.567,25.567,25.567,20.567,22.567,18.567,23.567,25.567,29.567,30.567,29.567,22.567,19.567,12.567,13.567,21.567,20.567,24.567,17.567,2.5675,-3.4325,-1.4325,-7.4325,-11.433,-5.4325,-6.4325,-1.4325,5.5675,12.567,14.567,18.567,19.567,15.567,11.567,2.5675,-0.4325,-2.4325,0.5675,7.5675,6.5675,3.5675,1.5675,-0.4325,3.5675,7.5675,-12.433,-22.433,-11.433,-2.4325,-5.4325,-4.4325,-9.4325,-8.4325,-10.433,-9.4325,-15.433,-18.433,-8.4325,-5.4325,-7.4325,-10.433,-12.433,-18.433,-22.433,-18.433,-9.4325,-14.433,-7.4325,-7.4325,-9.4325,-9.4325,-17.433,-23.433,-26.433,-24.433,-27.433,-30.433,-28.433,-29.433,-20.433,-19.433,-19.433,-18.433,-13.433,-15.433,-16.433,-12.433,-7.4325,-4.4325,5.5675,9.5675,11.567,3.5675,0.5675,-3.4325,-5.4325,-8.4325,-18.433,-18.433,-22.433,-30.433,-31.433,-35.432,-34.432,-31.433,-27.433,-23.433,-19.433,-11.433,-6.4325,-5.4325,-1.4325,-2.4325,-3.4325,-6.4325,-3.4325,-0.4325,-2.4325,-7.4325,-4.4325,4.5675,10.567,16.567,11.567,0.5675,-4.4325,0.5675,6.5675,8.5675,-8.4325,-16.433,-16.433,-12.433,-9.4325,-13.433,-22.433,-22.433,-31.433,-27.433,-22.433,-28.433,-27.433,-16.433,-10.433,-11.433,-9.4325,-10.433,-12.433,-6.4325,5.5675,14.567,26.567,31.567,25.567,21.567,19.567,15.567,11.567,12.567,16.567,15.567,18.567,18.567,18.567,24.567,30.567,25.567,5.5675,-8.4325,-10.433,-14.433,-19.433,-14.433,-6.4325,-0.4325,2.5675,7.5675,10.567,14.567,9.5675,10.567,10.567,4.5675,0.5675,1.5675,7.5675,9.5675,7.5675,6.5675,0.5675,3.5675,0.5675,-3.4325,5.5675,10.567,12.567,7.5675,5.5675,-6.4325,-9.4325,-10.433,-11.433,-12.433,-9.4325,-4.4325,-0.4325,-4.4325,-14.433,-14.433,-15.433,-24.433,-34.432,-40.432,-35.432,-26.433,-18.433,-14.433,-20.433,-19.433,-18.433,-16.433,-11.433,-12.433,-1.4325,2.5675,-2.4325,-7.4325,-8.4325
-33.212,-29.212,-25.212,-9.2125,-10.213,-11.213,1.7875,4.7875,1.7875,1.7875,2.7875,3.7875,1.7875,-3.2125,-14.213,-13.213,-5.2125,-2.2125,1.7875,-1.2125,-2.2125,0.7875,-1.2125,-9.2125,-9.2125,-6.2125,-5.2125,-2.2125,-1.2125,-1.2125,6.7875,16.788,17.788,11.788,8.7875,13.788,21.788,22.788,18.788,18.788,17.788,15.788,17.788,19.788,11.788,13.788,14.788,13.788,15.788,13.788,12.788,6.7875,5.7875,8.7875,10.788,4.7875,-2.2125,-11.213,-16.212,-13.213,-6.2125,0.7875,-5.2125,-8.2125,-1.2125,0.7875,6.7875,6.7875,9.7875,10.788,9.7875,10.788,7.7875,1.7875,-4.2125,-9.2125,-17.212,-25.212,-19.212,-15.213,-7.2125,-0.2125,-1.2125,-1.2125,2.7875,7.7875,18.788,18.788,15.788,15.788,16.788,10.788,10.788,14.788,14.788,16.788,11.788,13.788,17.788,19.788,18.788,12.788,12.788,22.788,19.788,16.788,18.788,21.788,17.788,13.788,9.7875,13.788,15.788,16.788,15.788,21.788,21.788,22.788,21.788,28.788,31.788,24.788,21.788,23.788,23.788,11.788,15.788,13.788,11.788,3.7875,1.7875,3.7875,0.7875,-7.2125,-15.213,-13.213,-8.2125,-5.2125,-4.2125,-2.2125,5.7875,8.7875,3.7875,-8.2125,-15.213,-7.2125,0.7875,3.7875,8.7875,6.7875,-0.2125,-5.2125,-1.2125,1.7875,10.788,10.788,9.7875,5.7875,-2.2125,-11.213,-11.213,-3.2125,10.788,15.788,9.7875,-2.2125,-1.2125,1.7875,11.788,19.788,14.788,19.788,23.788,23.788,19.788,9.7875,-1.2125,-11.213,-15.213,-16.212,-7.2125,-0.2125,8.7875,13.788,9.7875,7.7875,3.7875,1.7875,1.7875,6.7875,9.7875,14.788,12.788,-3.2125,-1.2125,2.7875,7.7875,10.788,13.788,7.7875,4.7875,2.7875,0.7875,4.7875,6.7875,4.7875,1.7875,5.7875,6.7875,4.7875,-0.2125,-5.2125,-10.213,-1.2125,2.7875,12.788,17.788,17.788,15.788,15.788,12.788,9.7875,3.7875,1.7875,-2.2125,-4.2125,-9.2125,-7.2125,-3.2125,-0.2125,-2.2125,-4.2125,-3.2125,-3.2125,-15.213,-18.212,-25.212,-30.212,-26.212,-16.212,-5.2125,0.7875,5.7875,-3.2125,-9.2125,-11.213,-23.212,-32.212,-33.212,-26.212,-17.212,-13.213,-11.213,-22.212,-28.212,-22.212,-14.213,-9.2125,-6.2125,-13.213,-15.213,-15.213,-22.212,-15.213,-9.2125,-24.212,-42.212,-41.212,-37.212,-25.212,-21.212,-19.212,-27.212,-35.212,-46.212,-50.212,-51.212,-46.212,-35.212,-29.212,-23.212,-24.212,-25.212,-28.212,-35.212,-28.212,-20.212,-14.213,-2.2125,1.7875,1.7875,0.7875,1.7875,-0.2125,4.7875,8.7875,7.7875,-0.2125,-3.2125,0.7875,2.7875,9.7875,4.7875,-6.2125,-4.2125,-9.2125,-17.212,-25.212,-27.212,-17.212,-13.213,-21.212,-23.212,-17.212,-12.213,-13.213,-23.212,-28.212,-30.212,-29.212,-21.212,-4.2125,16.788,25.788,23.788,16.788,3.7875,1.7875,-5.2125,-3.2125,8.7875,12.788,8.7875,7.7875,7.7875,1.7875,7.7875,10.788,3.7875,-6.2125,-10.213,-8.2125,-15.213,-11.213,-14.213,-18.212,-26.212,-26.212,-11.213,2.7875,11.788,18.788,26.788,22.788,7.7875,1.7875,4.7875,12.788,12.788,12.788,15.788,6.7875,9.7875,21.788,29.788,24.788,19.788,26.788,30.788,19.788,20.788,13.788,9.7875,7.7875,11.788,5.7875,0.7875,1.7875,10.788,16.788,14.788,15.788,5.7875,-3.2125,-9.2125,-12.213,-17.212,-16.212,-17.212,-16.212,-11.213,-8.2125,-13.213,-12.213,-8.2125,-1.2125,4.7875,3.7875,-1.2125,8.7875
-25.825,-21.825,-23.825,-13.825,-12.825,-5.825,-1.825,1.175,-10.825,-20.825,-26.825,-32.825,-29.825,-22.825,-22.825,-25.825,-19.825,-6.825,6.175,9.175,14.175,20.175,25.175,18.175,8.175,-4.825,-7.825,-10.825,-9.825,0.175,7.175,-1.825,-12.825,-12.825,-4.825,7.175,18.175,26.175,38.175,44.175,39.175,31.175,25.175,24.175,26.175,30.175,29.175,28.175,25.175,21.175,17.175,7.175,-2.825,0.175,16.175,29.175,23.175,6.175,2.175,-2.825,-9.825,-7.825,5.175,7.175,8.175,3.175,6.175,12.175,10.175,8.175,-2.825,-2.825,3.175,-0.825,-18.825,-25.825,-31.825,-38.825,-32.825,-30.825,-23.825,-13.825,-16.825,-20.825,-20.825,-17.825,-9.825,3.175,16.175,15.175,8.175,3.175,12.175,18.175,17.175,17.175,21.175,21.175,26.175,23.175,18.175,15.175,1.175,-7.825,-10.825,-2.825,3.175,1.175,13.175,23.175,23.175,16.175,19.175,28.175,29.175,13.175,-0.825,-0.825,-5.825,0.175,8.175,20.175,27.175,23.175,15.175,9.175,6.175,6.175,9.175,2.175,-9.825,-2.825,6.175,3.175,-0.825,5.175,8.175,20.175,27.175,37.175,37.175,42.175,40.175,33.175,25.175,18.175,25.175,33.175,33.175,28.175,30.175,31.175,37.175,39.175,48.175,47.175,25.175,12.175,17.175,11.175,12.175,11.175,5.175,13.175,16.175,-0.825,-16.825,-13.825,-4.825,18.175,26.175,23.175,7.175,-9.825,-7.825,-6.825,1.175,-0.825,-10.825,-7.825,2.175,-8.825,-18.825,-26.825,-20.825,-10.825,0.175,4.175,10.175,8.175,2.175,1.175,13.175,7.175,12.175,10.175,-1.825,-1.825,-0.825,-4.825,-2.825,5.175,10.175,12.175,5.175,-3.825,-4.825,-5.825,-2.825,-5.825,-0.825,-12.825,-14.825,-3.825,-4.825,-3.825,1.175,7.175,5.175,5.175,10.175,7.175,-13.825,-31.825,-38.825,-28.825,-29.825,-38.825,-44.825,-45.825,-39.825,-36.825,-30.825,-21.825,-17.825,-23.825,-30.825,-33.825,-21.825,-7.825,-2.825,-1.825,2.175,2.175,-3.825,-6.825,-11.825,-5.825,0.175,-8.825,-7.825,-7.825,-6.825,-0.825,0.175,1.175,-3.825,-10.825,-14.825,-25.825,-27.825,-17.825,-9.825,-11.825,-11.825,-27.825,-40.825,-44.825,-45.825,-39.825,-36.825,-41.825,-47.825,-53.825,-57.825,-51.825,-40.825,-33.825,-18.825,-8.825,-9.825,-18.825,-19.825,-11.825,-7.825,-3.825,-2.825,-0.825,0.175,1.175,4.175,2.175,4.175,2.175,5.175,8.175,3.175,-14.825,-22.825,-23.825,-27.825,-22.825,-21.825,-10.825,-15.825,-20.825,-13.825,-1.825,16.175,28.175,33.175,22.175,14.175,9.175,16.175,17.175,24.175,23.175,19.175,20.175,21.175,24.175,35.175,40.175,44.175,37.175,38.175,35.175,27.175,15.175,15.175,20.175,8.175,1.175,1.175,-1.825,4.175,8.175,0.175,1.175,-2.825,-1.825,-9.825,-22.825,-26.825,-17.825,-21.825,-19.825,-18.825,-15.825,-16.825,-23.825,-22.825,-23.825,-25.825,-15.825,-0.825,4.175,-0.825,-1.825,-9.825,-15.825,-15.825,-6.825,14.175,16.175,20.175,17.175,16.175,19.175,16.175,8.175,6.175,9.175,9.175,1.175,-1.825,9.175,11.175,13.175,7.175,-2.825,-7.825,-10.825,-4.825,4.175,8.175,-3.825,-13.825,-20.825,-15.825,-11.825,-10.825,-8.825,3.175,6.175,-2.825,-6.825,-7.825,-11.825
-22.887,-8.8875,-2.8875,-10.887,-19.887,-14.887,-8.8875,3.1125,6.1125,-1.8875,1.1125,9.1125,9.1125,1.1125,-2.8875,-1.8875,7.1125,19.113,12.113,6.1125,8.1125,9.1125,5.1125,5.1125,11.113,4.1125,6.1125,5.1125,2.1125,7.1125,-1.8875,-2.8875,3.1125,9.1125,17.113,16.113,16.113,12.113,14.113,17.113,17.113,10.113,13.113,12.113,9.1125,-0.8875,-8.8875,-11.887,-9.8875,2.1125,15.113,18.113,15.113,8.1125,9.1125,9.1125,3.1125,10.113,11.113,2.1125,-4.8875,-20.887,-15.887,-16.887,-10.887,-12.887,-3.8875,16.113,20.113,15.113,8.1125,5.1125,-6.8875,-11.887,-12.887,-20.887,-25.887,-30.887,-33.888,-27.887,-18.887,-8.8875,1.1125,-1.8875,-8.8875,-2.8875,9.1125,7.1125,5.1125,-3.8875,-4.8875,15.113,27.113,29.113,24.113,28.113,34.112,27.113,22.113,30.113,31.113,27.113,7.1125,-14.887,-18.887,-14.887,-13.887,-20.887,-13.887,3.1125,17.113,15.113,17.113,19.113,22.113,21.113,12.113,11.113,15.113,30.113,34.112,32.112,16.113,-1.8875,0.1125,4.1125,6.1125,4.1125,2.1125,-0.8875,-5.8875,-8.8875,-1.8875,4.1125,9.1125,8.1125,7.1125,23.113,47.112,59.112,54.112,55.112,52.112,48.112,54.112,60.112,75.112,78.112,73.112,71.112,55.112,47.112,47.112,44.112,44.112,37.112,26.113,21.113,31.113,33.112,27.113,20.113,23.113,31.113,19.113,4.1125,-6.8875,-2.8875,-0.8875,9.1125,6.1125,6.1125,4.1125,2.1125,-11.887,-7.8875,-4.8875,-2.8875,7.1125,18.113,17.113,9.1125,-3.8875,-12.887,-10.887,-1.8875,0.1125,5.1125,15.113,13.113,7.1125,13.113,20.113,13.113,2.1125,3.1125,-4.8875,-18.887,-15.887,-5.8875,5.1125,10.113,-1.8875,-14.887,-12.887,-12.887,-10.887,-1.8875,2.1125,1.1125,-9.8875,-16.887,-18.887,-21.887,-20.887,-16.887,-10.887,-16.887,-22.887,-23.887,-25.887,-38.888,-36.888,-23.887,-28.887,-36.888,-36.888,-29.887,-25.887,-37.888,-39.888,-33.888,-37.888,-31.887,-24.887,-24.887,-34.888,-33.888,-26.887,-13.887,-1.8875,-0.8875,-4.8875,-5.8875,-13.887,-11.887,-18.887,-26.887,-19.887,-14.887,-24.887,-29.887,-14.887,-1.8875,-12.887,-22.887,-27.887,-33.888,-43.888,-40.888,-32.888,-31.887,-29.887,-23.887,-24.887,-33.888,-42.888,-56.888,-62.888,-60.888,-53.888,-57.888,-55.888,-46.888,-41.888,-37.888,-33.888,-23.887,-12.887,-14.887,-33.888,-46.888,-35.888,-27.887,-21.887,-4.8875,15.113,18.113,18.113,7.1125,-2.8875,-6.8875,0.1125,0.1125,-4.8875,1.1125,-1.8875,-20.887,-29.887,-28.887,-35.888,-30.887,-19.887,-9.8875,-14.887,-10.887,-11.887,-9.8875,1.1125,7.1125,12.113,13.113,11.113,15.113,15.113,21.113,31.113,41.112,41.112,35.112,19.113,21.113,18.113,14.113,10.113,14.113,25.113,28.113,15.113,0.1125,0.1125,-1.8875,3.1125,7.1125,13.113,15.113,5.1125,1.1125,7.1125,13.113,8.1125,-7.8875,-18.887,-15.887,0.1125,5.1125,1.1125,4.1125,-3.8875,-1.8875,1.1125,-2.8875,6.1125,0.1125,-2.8875,4.1125,10.113,10.113,7.1125,21.113,8.1125,9.1125,8.1125,13.113,22.113,24.113,23.113,15.113,23.113,21.113,22.113,16.113,10.113,7.1125,9.1125,4.1125,-0.8875,-0.8875,-4.8875,-2.8875,0.1125,2.1125,8.1125,4.1125,5.1125,6.1125,6.1125,1.1125,0.1125,-10.887,-18.887,-17.887,-14.887,-12.887,-10.887,-22.887,-41.888,-52.888,-43.888,-29.887
