87.495507327913984, 80.754741575222923, 111.57868793276269, 97.830383377383455, 70.024440847711006, 72.00993188697953, 72.00392847724342, 102.37925983217954, 140.98459535849267, 124.20307953528626, 82.646324371715551, 65.485684751264728, 149.80583391252503, 127.05955112315648, 81.87337826294673, 114.00440495391281
61.638340915440388, 61.273879768989453, 56.65285971928683, 76.363901279508468, 54.953242073411431, 66.071152787913462, 102.52544777393101, 102.04392742388853, 65.054204184861021, 103.67430957345728, 60.049624824587937, 79.611290704817122, 65.624409664744348, 75.779730213530712, 65.775124254998914, 87.842106970028766
64.018410814273182, 60.29734878637862, 64.592970690452461, 87.931920170904249, 49.280984343420712, 49.599489001818903, 96.753340960188368, 128.19013711308941, 71.188887559861044, 65.72139549302463, 56.380174161551587, 76.941965598358621, 73.496804323192194, 65.011187283202844, 60.134599567723647, 71.875782443858469
95.381199434900864, 95.809047012936148, 65.849312467780237, 99.680752427191578, 65.539663491107149, 52.564864864038817, 89.148840856490281, 98.614579535249746, 81.992488552620031, 100.58832102704498, 51.726053172798117, 69.039815646235851, 96.361712591020435, 86.243460638982455, 59.741040738679509, 82.764483695052334
58.418853602805264, 85.384455320266966, 73.215056733991915, 89.624660918453699, 56.503451760675325, 49.114399881808879, 72.786865187794177, 90.073015626397989, 109.28488083763476, 103.93940196944743, 60.408116609303612, 88.112413801307596, 177.34620537275129, 74.982887123243401, 71.675003200144317, 92.004560290115748
100.89191855981859, 83.046722746303644, 82.007222291530994, 97.1478327478642, 88.981831573801657, 84.227623288364214, 94.192880054475964, 96.496605203213264, 187.8054388261254, 135.12772350337085, 94.204471985780515, 92.32227118737471, 259.21627000699192, 139.9674181488358, 161.0337836125419, 102.86510545360562
128.80581156715402, 94.203071291876981, 102.75023126894686, 96.789411446199509, 103.8034192308259, 107.31839839258855, 96.837994196686623, 102.41241371250295, 251.81322751517152, 209.9396498188303, 65.752772728118046, 95.375817467671652, 280.74109062804706, 176.09464029309015, 129.20291259879502, 123.90774272291502
124.889292741372, 95.105073820324776, 106.42929400148428, 118.11492502894021, 126.23198883553376, 123.15921481832959, 106.77040962822277, 121.02880335183704, 239.05233890945135, 256.58936865246909, 104.11443620095778, 117.37305287039405, 301.72257343763619, 245.78505717241003, 213.20432265989578, 148.14856842659253
184.94628523173395, 150.30470559587513, 151.61998149561754, 161.30920059326567, 191.92020654870029, 181.39169292788884, 138.95985945634973, 159.2635512328832, 274.71300514485529, 284.95008023295225, 182.78862117147182, 157.38969413788945, 305.86602073266869, 208.7184230064054, 286.3389258202298, 177.53634646582785
226.02886199143822, 193.84411707223171, 175.75227865285069, 183.6134395882961, 218.07125131710578, 227.37333392414581, 198.27885646447507, 163.46696519652443, 268.57800935464212, 296.19768715225575, 260.64050869907237, 200.22424826091458, 298.14544791502379, 248.26110881995265, 264.07068785444068, 217.63392484519119
263.79971155498515, 150.39531150308255, 185.04246268489553, 180.8483572262235, 227.73758118563742, 188.33952945886406, 164.31696433932197, 201.50517239242126, 275.77025038230545, 307.99699035601344, 285.73476544528455, 246.740189966391, 221.68182665012685, 224.6890028860509, 242.76429245902722, 255.07484025696928
58.129291860293236, 49.706074695527143, 64.849822247348371, 71.192974441472018, 61.771276855445301, 70.86594135430164, 91.254783891641765, 71.106274733275171, 92.382369692032299, 89.150361584831771, 44.640075203226409, 82.789358168869327, 80.201283821883749, 61.415239001158476, 89.150099860560587, 62.932555186277881
247.45448069892601, 237.59172852270709, 220.39763493055028, 207.91992397446674, 221.46200378986282, 204.94597153719388, 225.63602154688033, 218.78769658162133, 259.11907391327821, 286.08265520056801, 276.94279158790459, 258.88734477541493, 256.21747564269231, 241.38046736208321, 289.47762746361713, 297.23819598593212
266.84057343970761, 248.91629497759666, 219.86302591925934, 238.23893032539041, 228.38194818606937, 199.80716195561453, 223.77028265130951, 230.75985926175997, 310.94260440570002, 305.93658929541022, 285.64896654085902, 253.99888819199782, 246.56955475881688, 235.58326976779213, 289.0930700337006, 285.97038340155444
221.23173888834043, 254.75779596978836, 290.80001871359218, 272.21888144236289, 244.94111173563067, 214.83287664385949, 246.34254607398665, 259.54350720141912, 280.55990456371813, 277.88157969401186, 294.53908322244661, 248.46478899372786, 228.0145336067973, 208.14788728169094, 263.89466442019898, 250.33618165299129
260.89862409713794, 275.41347071772742, 286.99258872826425, 304.75132207369774, 221.76133084217656, 220.69413076042039, 288.30365645727744, 273.8545491562171, 273.44648514309716, 261.75571783681841, 287.39820413213727, 251.9960292978902, 227.99066660663598, 204.12340403430531, 283.54532749382361, 261.38790496368949
238.84405824668823, 298.46637044400046, 291.84038594081051, 273.23655097494515, 231.68832921981601, 216.20739922013357, 260.85594051037805, 270.706801270293, 282.02025510972715, 279.8710192768749, 260.35814194397221, 257.96078606376886, 251.00780084031399, 197.74687456889268, 293.86087842060385, 285.5837133725459
249.9207157629111, 278.68699383698777, 299.80951310656536, 265.75690433452945, 250.56961623145855, 229.44364771315395, 237.09931576283617, 298.999258215118, 270.43311630743318, 272.75812090731529, 286.85942345340118, 262.55667305387936, 256.3954568943106, 219.64055129830575, 240.14039231007177, 272.16060267849201
197.22109278383411, 297.27112975851372, 326.04781098954305, 318.1849026028728, 226.06305444468174, 214.04239583616476, 251.7447414934569, 276.74050433867092, 216.59149439179467, 266.42970991914564, 227.64200664555608, 275.66797719625714, 205.88373879140764, 233.54137659309328, 237.18537583702292, 275.89646686752207
252.90926867149867, 277.4403183779192, 284.75429212505537, 255.93070473528857, 214.06713921782153, 178.83493276293893, 209.33454306283744, 278.73227256629002, 239.45386745076163, 257.19130031204611, 229.47202784815212, 232.83236946269636, 225.9675639698587, 172.97874407769237, 224.66861209933469, 246.9805558378502
239.8596846063202, 253.96911182587152, 297.08831377761572, 270.27578254609341, 241.36225367868252, 208.34589294023493, 216.43179806250961, 285.62191239980365, 227.97954636169789, 248.02370413378119, 239.67771732775378, 236.36603091603354, 226.42944089967801, 180.6596905946223, 238.85452612648439, 228.3152345471992
171.39478338021775, 239.95357898538441, 218.43755697034547, 235.79708247692139, 210.82585200467148, 189.58775778988561, 207.76418000742547, 225.5328144321189, 245.55033995637686, 192.82992297926393, 186.83116583333256, 254.13006753249749, 221.4913956954361, 137.44886919960226, 166.66253039329504, 224.33777208775993
74.588640593629293, 58.789932222367902, 68.709003748229094, 66.28005848000376, 53.129132648800478, 75.897178036520359, 65.318614169716668, 52.319606365393554, 87.986527363967696, 78.943036966537122, 73.81478270075614, 100.20735180773642, 87.911283398712484, 81.342444080356827, 74.639722656996469, 57.714528696061912
236.67134735476805, 244.4786621366753, 306.04362156459848, 285.26126918150192, 218.31825108225047, 211.45246068959821, 257.83608699096226, 271.04269566585293, 227.21518096121298, 238.73443919928911, 243.04601505289483, 231.5851609001127, 183.90500077725653, 180.62809341601766, 254.95136782600758, 244.44712879093098
228.39061212015602, 260.04504087871231, 296.93478385599377, 274.88527903047913, 263.61676630647594, 259.72819195665488, 267.11510593319633, 183.13890741604149, 269.92132997479348, 260.11934416466272, 257.88884665235332, 292.64229094778341, 156.6781625560549, 217.49580623000693, 246.68311161247459, 312.00432257777476
62.633208543065372, 40.707489703829694, 44.80575143409331, 53.778454171648796, 44.030249913763484, 51.44309466875383, 50.364725151044617, 83.233205094569385, 75.630360657091842, 34.514642237739565, 41.76222831042184, 40.707131165723354, 37.236870489943186, 35.727814192518153, 46.699007524031856, 36.238873314863
95.94229077269857, 139.1050956122879, 127.01421886787097, 125.07204547707238, 66.85380939691926, 75.303287422276512, 101.86805927735806, 155.5815617577596, 232.32067524238423, 124.07591124295271, 67.223700195673985, 94.917684009128024, 206.8604551680466, 175.64117540274768, 95.417229254954862, 122.51010513486507
43.488973201073023, 49.993014650622577, 42.111949284203767, 44.943875461937687, 46.556447878538741, 40.321233253374558, 56.651019206242992, 55.125020862131549, 69.236621343188986, 35.512420857610536, 48.402981663176362, 58.873257353444551, 70.593119284388791, 44.815868130270225, 64.465050583817074, 53.553482533979235
72.347948095091709, 78.086313312780334, 60.837464710625227, 81.314494452470427, 62.43056844033844, 72.600463361048099, 92.805830201048281, 76.251957663669614, 98.006816973409101, 136.19114186561586, 51.1637392281365, 80.84659768515499, 140.29126106234054, 128.10988979196563, 81.947539626040694, 61.462591524261363
68.63514131787413, 68.263665548610376, 64.432911459496822, 58.357339463787746, 57.044532498201548, 78.089934717135563, 83.934149181084777, 77.427866022426926, 124.28264959943486, 114.48125291194627, 75.899481983347513, 70.686790190395683, 130.04113480398252, 105.83769254817207, 100.70095058787038, 86.688385816191257
61.432451043754696, 49.549829937364585, 45.876047213347356, 73.80111639366217, 44.180408985282781, 50.349294053009913, 68.182293879134221, 69.449160651644064, 119.03037482095021, 57.55781406987353, 72.985224920572094, 72.615211912940907, 68.283577806198579, 48.560254194681256, 95.886300623919226, 104.68369118561861
170.38631594258905, 131.13503107751362, 107.02755988803069, 69.696374195872721, 47.201263787243334, 61.573923773712323, 88.124067676094697, 57.179187601777841, 110.62068680094885, 88.482487235407632, 72.153169785221849, 149.20838552001601, 51.423539043856472, 83.651134344566728, 135.57721510214404, 119.60508234386266
40.824059015067974, 44.43096910615207, 46.371736171826761, 60.910613665733855, 39.778860759835609, 40.575811890135839, 69.588620601924831, 77.575192736734465, 47.52569999611476, 53.10527478813259, 42.43800172107418, 49.588013945597922, 38.374249226281655, 45.055072854708172, 37.400045096853091, 47.27765523842519
61.288121467004295, 55.471500207937481, 84.026387624229955, 86.164745445583975, 64.809640689953952, 95.259069737780123, 69.984635182052074, 62.061644693487892, 91.340819937721903, 83.446172273014739, 75.668802537265719, 79.704848455613472, 89.916783364125934, 81.877621958078635, 106.14822370398885, 75.001063003290923
42.382409838168194, 60.132566899818777, 77.7630564774676, 79.044488581314496, 50.058899096222, 63.939830823104657, 78.64645878990676, 88.245081963483273, 53.698745701620524, 69.227554857414887, 46.531480047444447, 60.135271848697109, 53.148831347747326, 55.599530474507382, 52.51325084333817, 65.96849210229577
53.214258042104845, 56.105514946158323, 53.215225128661622, 71.83114498869395, 43.630471391481422, 50.100777167706958, 100.20418313120011, 100.00170002877285, 61.239242354588242, 80.965541990987148, 42.458454227183807, 61.076603326590501, 50.951054304247172, 62.525655664592854, 50.757170297816835, 65.665978110822721
56.55544963571424, 83.043189119231116, 81.09804072157084, 91.867520361174229, 52.406224356631789, 63.467655371883019, 87.794982294895263, 105.24574133762741, 81.822770001186001, 84.071535277858104, 54.828485756857823, 64.457423277719087, 68.75532238736541, 65.422950983858783, 54.625211519532662, 64.982758461487052
73.357804807869002, 61.504467117075883, 64.75951967226645, 82.745327995700677, 62.633174903812723, 67.038390952532438, 94.334925696232759, 104.10866541301863, 84.363431474689932, 71.985437562951319, 52.34959801613094, 69.421110743112465, 78.066726295977361, 59.770058605358429, 58.462561894273051, 81.123808449980601
77.384607095947473, 80.605189754693157, 56.705794601445653, 77.620323084233362, 74.46498391499793, 54.763059552237237, 88.012778560869876, 98.799825674833201, 90.8140390827283, 92.054098679841275, 54.229720794590861, 71.094282858959005, 88.78952578805638, 70.378906531890891, 57.783249545028056, 74.898669049304772
55.727329969256864, 52.198418993647365, 72.004797378977202, 92.297838663010296, 64.810751051996576, 57.718795198487229, 69.155256372043922, 100.18948823922449, 105.8333665864857, 101.45438163799078, 63.114042346340916, 84.149630436669284, 177.26179853599817, 86.924651593394643, 74.582922763784723, 100.84696386578447
95.284031330250087, 85.707750070640344, 62.363266061494528, 77.539232871871647, 88.187437554122255, 84.076826495872155, 94.939962107676322, 87.769576797896647, 163.81766565031268, 129.0417463616381, 72.965464186668441, 74.528304998739884, 276.54772917467949, 119.98899639116657, 108.07438356233882, 101.86597923927178
128.86454126747748, 91.88458422204485, 91.134688085695814, 83.100779980131591, 101.34233863812393, 91.332735780504763, 103.68856718377121, 99.773911766603447, 262.7878014949851, 155.74715652310692, 122.52938952010582, 96.178311848144872, 288.3124354654874, 154.61435546151796, 174.81336460468307, 111.12544977086145
134.83765504774607, 92.854429800700672, 99.078114323223062, 98.779625151690624, 122.78272171433623, 98.254866450789649, 100.53350974720516, 95.957335541073277, 312.57878709539824, 243.66843707529384, 71.694388131132939, 110.04834759199791, 278.86020102821567, 201.57085270199778, 128.219617794165, 133.64929234487226
159.41729695557049, 128.31639667976714, 123.50849241471036, 135.10154852293468, 175.20840639269937, 167.06090658295753, 115.03911378446634, 119.59460998963735, 284.63717434771195, 280.15411114978491, 167.44533320367921, 105.72787293652669, 272.03778399746847, 236.92495062898206, 218.64386277912746, 133.2978000948136
71.316700447630609, 46.017213277877708, 42.057700804476163, 59.422030719989117, 40.163469148498983, 49.810177182684626, 69.488665729409774, 53.300459772120611, 106.72396491411077, 105.58794225966572, 68.865788648168547, 57.368849660733865, 83.072662422285504, 61.053821610164775, 72.484169639357546, 138.00503493880865
187.87846836448395, 138.59878266467763, 134.81541905258382, 150.21850160305723, 204.26787427705594, 175.79511319188876, 131.5054254103101, 136.87284457749348, 284.42034209002657, 298.87052410485768, 220.41801033286259, 183.07025958773266, 252.8228993228027, 257.96775659158868, 271.67943772869216, 197.06716233123404
42.2504976609004, 41.04361942433065, 65.12843210993131, 55.419529820429837, 54.282221391459707, 76.453874534519144, 77.13487891027782, 68.427881864862854, 69.521729314449686, 74.138122285385464, 50.115352372580354, 48.59627938011986, 38.774820014261927, 46.781464086178268, 44.059799755591648, 66.727311097581151
43.775197953082468, 50.186662447888331, 40.279139665774913, 57.882658624267982, 43.562637561861685, 53.143558029092418, 72.024014809992252, 54.123515005145819, 56.638935314496123, 89.946698456157677, 28.648254529029369, 50.090590896602031, 44.476796740303357, 66.222016834516992, 46.322978522301753, 41.455523974312776
45.474049184758385, 49.444138203776944, 49.557091748174415, 79.327614386173664, 40.980872443980495, 44.365564082234798, 62.407372310030688, 85.250030674880932, 49.995753960338178, 76.94543994135978, 41.703570942453219, 46.923930329444744, 41.255222722447179, 57.301541821662042, 47.991042225639049, 55.375644296927952
                                                                                                                                                                                                                                                                                                                                                                                                                                                                                                                                                                                                                                                                                                                                                                                                                                                                                                                                                                                                                                                                                                                                                                                                                                                                                                                                                                                                                                                                                                                                                                                                                                                                                                                                                                                                                                                                                                                                                                                                                                                                                                                                                                                                                                                                                                                                                                                                                                                                                                                                                                                                                                                                                                                                                                                                                                                                                                                                                                                                                                                                                                                                                                                                                                                                                                                                                        53.649374397659422, 44.978246344659119, 60.037620626662402, 56.786664767151287, 40.103436384649036, 47.493820550960088, 64.323751994107113, 56.529236442819503, 61.666486449317198, 38.082223876936467, 58.802822946153015, 49.569338167461112, 55.457877208260015, 51.970900747473834, 90.969791424636455, 54.115756046974802
56.928044100996033, 46.353645360904864, 51.768991770375152, 47.969555450855204, 55.222273217014909, 52.649870983634095, 71.525378086283411, 68.492605329990113, 72.960212888799234, 42.352022985598047, 53.168255495491699, 55.75152870567387, 43.361399022573657, 52.809889586766595, 89.247886570261898, 58.292819330058705
43.149721088997929, 39.005439159183773, 46.644897692545179, 66.540597902966098, 46.0252925045233, 62.563941850097038, 81.154911892684837, 87.723927812078912, 84.541631609920927, 29.276190786151005, 48.521925538105165, 58.483058644149907, 57.476917601037073, 70.23888652869266, 108.10388784441108, 75.556825364804965
48.2334669722363, 42.258512810037764, 46.476916976669962, 50.082015677025083, 57.265898149664096, 66.887620464791098, 78.629755048581345, 69.256540715606377, 66.597328037163948, 37.966183443979347, 43.585396124356329, 46.580779356516977, 59.535388615166312, 46.783509801779907, 87.707938779662015, 58.125776160712199
52.822182813480865, 51.632412671762992, 51.305328774761222, 58.072949398314854, 56.175322699474876, 51.477165317235922, 95.737577936385406, 85.43052562954621, 64.463211335593186, 36.617668653093659, 44.964725777844059, 61.81206777007889, 62.452100042576951, 55.223272296096766, 81.466630394591277, 63.935798074019722
64.558880885160306, 46.051979004039985, 55.01028598078036, 71.564458824798109, 43.768067432832176, 66.649267339019687, 97.699736260437362, 75.479665073351171, 64.71546936712258, 37.637845116567284, 53.237083689860548, 37.072034062620126, 57.15689435289233, 60.772361319651509, 86.797819487330727, 69.435195186344785
50.004696800643714, 58.635159236273637, 57.201932197088894, 46.685772213910347, 54.259041306837773, 83.918618681985151, 92.492048454159416, 69.440251390538037, 70.134137176103124, 42.577852996239628, 59.630824314978184, 47.70236374421895, 57.451376467395292, 60.977629145203601, 85.138870968749046, 62.170525688771392
52.853250593813925, 47.877958432342751, 52.074128791700012, 52.640445258692779, 52.910190686033864, 61.407511599360049, 73.710238451919992, 74.270094937695944, 83.399105145531522, 29.62174334315873, 55.127954016477545, 49.275406895800785, 57.894839921955978, 48.383230008505237, 105.42357323583887, 64.319491033818068
56.676060128043027, 49.99154534095706, 53.472292754506761, 50.022893622350153, 51.172311772917233, 62.884893113146099, 98.679294805779676, 73.305092520838585, 72.420916323297789, 40.318985813220458, 54.635168760994688, 42.523395216635549, 54.507596954241713, 56.739353935818563, 86.076859524416548, 49.865337255473001
55.660498625792123, 41.461422595623745, 45.917579967868782, 45.425882558860181, 53.535843517318924, 73.618617037403155, 83.247700722311251, 73.06762280194026, 74.70625196013826, 35.027518198454608, 52.198830474875201, 37.374783299378592, 49.161429304398844, 51.139706274559934, 109.24072334706983, 59.524289714115284
55.503769029063612, 48.557358922990943, 61.198394377687244, 65.917965424683246, 52.285384723392809, 64.774405090983208, 129.61223101159626, 71.323206222010029, 75.234606965436015, 40.206799285532036, 62.552343596264876, 48.598824852996245, 46.302767160009147, 50.609061810937412, 90.624839948530493, 65.999020621953051
57.037692381840294, 44.498382235285426, 41.521716052584452, 41.53552200619265, 57.359667325591523, 53.790978006165375, 86.51208814113825, 62.843695562927053, 69.846676106273748, 34.198391178657637, 48.704944038173629, 49.798626041846049, 62.674487795131185, 67.438996270848648, 107.692768042978, 43.9701623397685
52.165628342741243, 48.519311830679868, 57.394382313109844, 50.195804921548316, 47.442389081322567, 60.012769076614163, 102.94076393067142, 72.548572193042773, 73.501960536840798, 35.733816035165582, 51.896263419100812, 51.067122283467874, 67.667767346136372, 50.463665630959646, 104.60845115927577, 59.479468319551003
59.032455162042638, 40.124786292428347, 53.790194320024206, 58.01112783403579, 45.494240159732094, 46.579831553146569, 88.819300802672828, 62.380165082565959, 54.494395460861448, 35.046369826972196, 45.899662868807397, 38.832972606226797, 56.488733347116835, 48.013915386132403, 94.882146063488264, 56.12923254365024
52.825933822419302, 43.451288471688905, 52.041380861358689, 52.081374355842499, 46.892301013756324, 61.376938076025382, 75.511105807102041, 60.62046102812544, 76.5374134303229, 39.553499843531597, 43.308803285108858, 47.497606300906, 46.750650657128944, 48.529092025532272, 70.083937798957791, 52.815006874916435
50.833652972164458, 37.51346775743216, 49.693075598722579, 54.174089949336512, 50.898507257972909, 48.06196714066612, 80.007953615429457, 64.148929942706431, 76.154049842045666, 30.918453317726666, 48.776419345009153, 39.534230354029653, 57.289701845965197, 47.673292825448044, 91.980806954824502, 57.154797121824039
53.697373674823474, 37.737931968893342, 54.858345607825974, 61.45601230823798, 54.303748472250078, 54.978031987236442, 72.045123642989424, 66.049282591914732, 88.407238639546009, 36.265211374880707, 50.166936523481432, 41.253213041449591, 59.899157010991061, 48.139973541312337, 110.54726007874132, 53.880492503599065
46.977346118635026, 44.370215048540793, 47.786640887956175, 41.42517476412128, 49.101816562158518, 57.64237244860643, 72.38059175498887, 67.346221752713618, 77.930440408750698, 34.287930425891062, 52.419146901327515, 59.028873068485083, 53.227961439378007, 50.960058290248334, 109.04047302529551, 56.976167124443776
42.95630303411523, 46.372039662251353, 47.210764175520936, 53.166529688243983, 49.857866886730292, 65.2698404852474, 111.50621925565997, 51.060553286238438, 62.088099429762302, 38.474524825669413, 42.041771115334861, 55.972350995421664, 53.732796444451957, 48.4244857486444, 84.221762290354548, 55.591716693515288
44.274061408404336, 44.856214147102612, 48.526173457932231, 48.807517720428429, 52.738859815746025, 56.808814138468627, 78.188714751213723, 56.698071038945415, 49.369552644702274, 40.550130269783963, 47.810494890804094, 48.123222722926634, 52.331750794079639, 39.004595209008798, 100.97877517107987, 63.274178877185399
48.68147350868275, 47.184995425867129, 46.686655015133063, 50.637304534896096, 52.470857431869689, 63.014588204470698, 88.745134343624315, 70.853912666273501, 84.246532357326373, 33.312496898098061, 49.093359851163626, 60.318910080087157, 48.6588023634568, 54.322285321026271, 86.373277972439396, 70.336970954670704
101.78854527657603, 82.33890740788344, 90.875940302582023, 73.202156726440748, 76.435935108519487, 96.063284756192004, 96.649298194432347, 101.39252213950864, 110.15621290212916, 52.927009538374641, 92.653568892636613, 75.412687817052458, 75.127670241383953, 53.723714897036871, 101.985799088679, 70.694360862995211
85.752903828292759, 101.02075777977858, 58.664889945481875, 94.880278196397001, 64.833296983934957, 94.944346750568243, 88.272116170475286, 98.42751666622992, 107.89110418939623, 46.70559476267978, 98.948419771558406, 64.305693680694688, 65.88882994038471, 60.61357088216576, 137.77564649197268, 69.260603464623983
73.793883923114819, 74.644912138784136, 76.825518528016275, 103.31663577635453, 86.345791423149606, 90.712142565842981, 77.717709692995683, 93.572256927680542, 89.769048798483766, 61.330643503447398, 91.287828676587168, 63.617258510366547, 82.113747205910144, 70.709985634375059, 85.339485020068466, 50.324161811829633
76.718597130268549, 81.233338314739939, 85.106259333766559, 138.87197794011951, 59.791771674873814, 106.04291344668202, 88.066169904082315, 109.62633503588614, 87.445609710452359, 76.401469393189686, 78.611873025609668, 100.15465203017015, 91.309006543288277, 84.75473053123919, 98.607393852278065, 96.273132153095673
99.661697507156234, 125.16178645823703, 100.15460901945045, 140.34688959051314, 70.167619049431551, 101.32041550513598, 71.866144812023848, 92.537746050823671, 116.98539891305586, 57.953852927226862, 126.63186228462361, 78.172220940755423, 92.643658026178173, 61.144324160196334, 81.778500479061123, 93.03147242168005
99.785699300835859, 71.951593309027913, 58.533091889656937, 111.64637286910616, 54.364250839373589, 95.104638672360025, 79.883213855404847, 87.383020578675556, 135.87580803396284, 59.864039877865807, 82.966234426255454, 97.396707367221296, 72.905606058349292, 57.043345911539177, 87.780346629809713, 78.346150502711609
127.49689466651441, 132.31584450213373, 91.836158660310645, 105.47327673964924, 71.50132569566837, 106.84261736063171, 74.500380075787803, 79.103277659683187, 146.71871747609822, 60.150894403303866, 119.53691462565921, 99.310322611232039, 79.266505479422349, 62.302298769917776, 94.035114678329165, 132.98872816525844
97.422862142482671, 77.549831596634434, 58.773486283438174, 60.198285056414313, 92.055934814916711, 121.25199661761634, 87.519007490541071, 58.541724212130681, 68.444558086109168, 36.815905902690162, 58.625422706531253, 53.348454008737434, 80.334493671515943, 53.171116360070748, 99.618251845595296, 67.345051727760548
53.296090825851728, 84.641382062042425, 73.584568921849552, 61.659832705612885, 43.77225105377287, 84.937720719477525, 110.50413805359007, 72.858711258793491, 72.848013796328388, 50.955483150756223, 58.921087391970019, 102.25767237385404, 71.210168600423174, 53.240604464733067, 85.236754505027335, 83.004067457876914
79.60780970427534, 76.365193121058411, 93.055593516464981, 88.875651914191096, 77.990546912583739, 86.10835630214973, 61.972578377796154, 80.195677863031904, 133.04399294883757, 50.33787965257838, 68.634632878552907, 102.68017884153188, 67.122198129890975, 74.399779973986341, 90.697218673523693, 68.806392909206991
65.667260021463235, 74.03646235804537, 59.282400917643521, 78.071486264892584, 54.960573185824245, 85.428584556618205, 70.812634393556223, 86.903353320030703, 69.810752268969978, 37.287976392870732, 50.815071938944307, 93.955290281003982, 72.782950205449353, 51.882574339471958, 60.095790347895857, 54.680072712558243
147.05408272175933, 122.99345693904283, 146.45917585658901, 158.31680297316652, 78.734083539160437, 92.883280232579466, 95.895396470764894, 81.721605476762619, 106.45380534151298, 63.720745967588023, 93.198690295759064, 72.217799560430834, 70.955628864217005, 68.077352908929697, 121.99618288938964, 74.97836793766713
77.348979259760796, 119.67252357520097, 79.067082410590146, 98.869155218700897, 66.657148703773458, 103.60120390605583, 79.857646240776035, 76.201073615576448, 88.230639343790088, 45.201698447910886, 69.330806680273739, 67.482379796657014, 67.996280151934997, 61.395851819637677, 74.42751463977298, 68.787143511387825
11.875028243524421, 10.002175507831545, 10.586809391862868, 12.910311716015384, 12.338697423470139, 13.28282808847584, 10.904683200656535, 15.734283579132944, 12.73001132513772, 10.566332222227905, 11.573436379229152, 13.788531255113247, 12.962742925135466, 14.406086304401116, 13.606990788327359, 13.129271895928269
11.691255949785361, 12.691683783969793, 16.91557908606573, 18.47315557413085, 13.298073451686657, 12.144592093303466, 12.208974068041385, 17.18160233769585, 12.706328098969228, 12.564970626976535, 15.928726167478581, 16.830477384364624, 11.721381280905979, 11.596862990178213, 13.685160393438712, 12.488784767924869
11.091979196954632, 9.7531645807407017, 9.8016682901760763, 11.550021007313104, 11.037178525180433, 12.34792695258742, 11.198746039360866, 18.036631454643341, 10.987759607057596, 9.8682403723422141, 9.9360037225741866, 12.118666787852593, 10.860545702204913, 11.323848134630214, 10.170273162491855, 11.837464185860851
12.775091914110392, 10.309577210501105, 10.118008272828138, 13.385633255759098, 12.268863715873616, 11.034507515107967, 12.823641776569605, 12.884454004240089, 12.522192417237815, 9.6928127707272083, 10.82699869951924, 12.715133685436243, 10.873597368064948, 12.014763596327702, 10.820769680541183, 15.113032932687164
12.697332009503313, 9.806667283789519, 10.79124426452222, 12.356903694264771, 11.352594744185776, 11.736435528298992, 13.744584148813393, 13.549865688260068, 12.54660241245055, 10.098710369584651, 11.573407659934198, 15.291445304632068, 11.517727582048909, 11.177077725993813, 11.562434492041813, 11.838657853569021
11.774670472811216, 10.646802140602619, 10.572344448858482, 11.924044982201659, 11.720067321349514, 12.390471889351462, 10.694865316757637, 13.887489400470836, 10.429637825088003, 9.4854997017298164, 11.222423550527184, 13.916149338835281, 11.469622555223669, 11.10328464351047, 10.258517718031625, 13.823106507143825
82.492685203131316, 53.165516801243818, 34.62387411852314, 77.158953627133172, 31.850905269067344, 68.474980152574005, 37.16444860592415, 78.143906580804938, 49.059805060145379, 23.352494859927425, 29.473761012923575, 41.247246048434739, 32.796977669314565, 47.240959205951242, 47.760659390869414, 30.549054935075631
104.47054006311548, 45.0088688982825, 42.41291897889753, 42.705623531004136, 70.421697847940948, 46.67921875942352, 41.984144194364589, 34.72938247112068, 69.877826461311059, 44.453827604979857, 33.70574964138477, 27.10540488313449, 60.004067467369204, 37.449164740973835, 36.043753752585204, 50.969941326095487
